10,bs_pr1_10.mod,
5,bs_pr1_5.mod,
8,bs_pr1_8.mod,
14,bs_pr1_14.mod,
18,bs_pr1_18.mod,
7,bs_pr1_7.mod,
11,bs_pr1_11.mod,
17,bs_pr1_17.mod,
1,bs_pr1_1.mod,
3,bs_pr1_3.mod,
19,bs_pr1_19.mod,
21,bs_pr1_21.mod,
24,bs_pr1_24.mod,
25,bs_pr1_25.mod,
26,bs_pr1_26.mod,
13,bs_pr1_13.mod,
23,bs_pr1_23.mod,
20,bs_pr1_20.mod,
29,bs_pr1_29.mod,
28,bs_pr1_28.mod,
4,bs_pr1_4.mod,
27,bs_pr1_27.mod,
30,bs_pr1_30.mod,
22,bs_pr1_22.mod,
6,bs_pr1_6.mod,
9,bs_pr1_9.mod,
16,bs_pr1_16.mod,
15,bs_pr1_15.mod,
12,bs_pr1_12.mod,
2,bs_pr1_2.mod,
