,"",,1 runs with miminization terminated were skipped when calculating the bootstrap results,
diagnostic.means
"","covariance.step.run","minimization.successful","covariance.step.successful","covariance.step.warnings","estimate.near.boundary","rounding.errors","zero.gradients","final.zero.gradients"," hessian.reset","s.matrix.singular","significant.digits","condition.number","   est.methods","model.run.time","subprob.est.time","subprob.cov.time",
"",             0,     0.9942857,             0,             0,             0,             0,              NA,              NA,              NA,             0,              NA,              NA,             0,             0,      472.7401,             0,
means
"","           ofv","     1. TVFREL","2. WT coef on TVCL","3. WT coef on TVV","       4. TVCL","        5. TVV","      6. TVMAT","        7 TVD1"," GENO2=1 on CL"," GENO3=1 on CL"," GENO4=1 on CL","       CLFOOD1","     FRELFORM1","    FRELGENO41","        TV_AGE","        TV_AST","       TV_BILI","       TV_CRCL","        TV_BMI","         TV_HT","        TV_ALT","        TV_SEX","     TV_RACEL2","     TV_ETHNIC","       TV_NCIL"," 1. IIV on RUV","         2. D1","2. IIV on FREL","    OMEGA(4,3)","  3. IIV on CL","    OMEGA(5,3)","    OMEGA(5,4)","   4. IIV on V","    OMEGA(6,3)","    OMEGA(6,4)","    OMEGA(6,5)"," 5. IIV on MAT","    OMEGA(7,3)","    OMEGA(7,4)","    OMEGA(7,5)","    OMEGA(7,6)","       BSV_AGE","    OMEGA(8,3)","    OMEGA(8,4)","    OMEGA(8,5)","    OMEGA(8,6)","    OMEGA(8,7)","       BSV_AST","    OMEGA(9,3)","    OMEGA(9,4)","    OMEGA(9,5)","    OMEGA(9,6)","    OMEGA(9,7)","    OMEGA(9,8)","      BSV_BILI","   OMEGA(10,3)","   OMEGA(10,4)","   OMEGA(10,5)","   OMEGA(10,6)","   OMEGA(10,7)","   OMEGA(10,8)","   OMEGA(10,9)","      BSV_CRCL","   OMEGA(11,3)","   OMEGA(11,4)","   OMEGA(11,5)","   OMEGA(11,6)","   OMEGA(11,7)","   OMEGA(11,8)","   OMEGA(11,9)","  OMEGA(11,10)","       BSV_BMI","   OMEGA(12,3)","   OMEGA(12,4)","   OMEGA(12,5)","   OMEGA(12,6)","   OMEGA(12,7)","   OMEGA(12,8)","   OMEGA(12,9)","  OMEGA(12,10)","  OMEGA(12,11)","        BSV_HT","   OMEGA(13,3)","   OMEGA(13,4)","   OMEGA(13,5)","   OMEGA(13,6)","   OMEGA(13,7)","   OMEGA(13,8)","   OMEGA(13,9)","  OMEGA(13,10)","  OMEGA(13,11)","  OMEGA(13,12)","       BSV_ALT","   OMEGA(14,3)","   OMEGA(14,4)","   OMEGA(14,5)","   OMEGA(14,6)","   OMEGA(14,7)","   OMEGA(14,8)","   OMEGA(14,9)","  OMEGA(14,10)","  OMEGA(14,11)","  OMEGA(14,12)","  OMEGA(14,13)","       BSV_SEX","   OMEGA(15,3)","   OMEGA(15,4)","   OMEGA(15,5)","   OMEGA(15,6)","   OMEGA(15,7)","   OMEGA(15,8)","   OMEGA(15,9)","  OMEGA(15,10)","  OMEGA(15,11)","  OMEGA(15,12)","  OMEGA(15,13)","  OMEGA(15,14)","    BSV_RACEL2","   OMEGA(16,3)","   OMEGA(16,4)","   OMEGA(16,5)","   OMEGA(16,6)","   OMEGA(16,7)","   OMEGA(16,8)","   OMEGA(16,9)","  OMEGA(16,10)","  OMEGA(16,11)","  OMEGA(16,12)","  OMEGA(16,13)","  OMEGA(16,14)","  OMEGA(16,15)","    BSV_ETHNIC","   OMEGA(17,3)","   OMEGA(17,4)","   OMEGA(17,5)","   OMEGA(17,6)","   OMEGA(17,7)","   OMEGA(17,8)","   OMEGA(17,9)","  OMEGA(17,10)","  OMEGA(17,11)","  OMEGA(17,12)","  OMEGA(17,13)","  OMEGA(17,14)","  OMEGA(17,15)","  OMEGA(17,16)","      BSV_NCIL","        1. RUV","        EPSCOV","   se1. TVFREL","se2. WT coef on TVCL","se3. WT coef on TVV","     se4. TVCL","      se5. TVV","    se6. TVMAT","      se7 TVD1","seGENO2=1 on CL","seGENO3=1 on CL","seGENO4=1 on CL","     seCLFOOD1","   seFRELFORM1","  seFRELGENO41","      seTV_AGE","      seTV_AST","     seTV_BILI","     seTV_CRCL","      seTV_BMI","       seTV_HT","      seTV_ALT","      seTV_SEX","   seTV_RACEL2","   seTV_ETHNIC","     seTV_NCIL","se1. IIV on RUV","       se2. D1","se2. IIV on FREL","  seOMEGA(4,3)","se3. IIV on CL","  seOMEGA(5,3)","  seOMEGA(5,4)"," se4. IIV on V","  seOMEGA(6,3)","  seOMEGA(6,4)","  seOMEGA(6,5)","se5. IIV on MAT","  seOMEGA(7,3)","  seOMEGA(7,4)","  seOMEGA(7,5)","  seOMEGA(7,6)","     seBSV_AGE","  seOMEGA(8,3)","  seOMEGA(8,4)","  seOMEGA(8,5)","  seOMEGA(8,6)","  seOMEGA(8,7)","     seBSV_AST","  seOMEGA(9,3)","  seOMEGA(9,4)","  seOMEGA(9,5)","  seOMEGA(9,6)","  seOMEGA(9,7)","  seOMEGA(9,8)","    seBSV_BILI"," seOMEGA(10,3)"," seOMEGA(10,4)"," seOMEGA(10,5)"," seOMEGA(10,6)"," seOMEGA(10,7)"," seOMEGA(10,8)"," seOMEGA(10,9)","    seBSV_CRCL"," seOMEGA(11,3)"," seOMEGA(11,4)"," seOMEGA(11,5)"," seOMEGA(11,6)"," seOMEGA(11,7)"," seOMEGA(11,8)"," seOMEGA(11,9)","seOMEGA(11,10)","     seBSV_BMI"," seOMEGA(12,3)"," seOMEGA(12,4)"," seOMEGA(12,5)"," seOMEGA(12,6)"," seOMEGA(12,7)"," seOMEGA(12,8)"," seOMEGA(12,9)","seOMEGA(12,10)","seOMEGA(12,11)","      seBSV_HT"," seOMEGA(13,3)"," seOMEGA(13,4)"," seOMEGA(13,5)"," seOMEGA(13,6)"," seOMEGA(13,7)"," seOMEGA(13,8)"," seOMEGA(13,9)","seOMEGA(13,10)","seOMEGA(13,11)","seOMEGA(13,12)","     seBSV_ALT"," seOMEGA(14,3)"," seOMEGA(14,4)"," seOMEGA(14,5)"," seOMEGA(14,6)"," seOMEGA(14,7)"," seOMEGA(14,8)"," seOMEGA(14,9)","seOMEGA(14,10)","seOMEGA(14,11)","seOMEGA(14,12)","seOMEGA(14,13)","     seBSV_SEX"," seOMEGA(15,3)"," seOMEGA(15,4)"," seOMEGA(15,5)"," seOMEGA(15,6)"," seOMEGA(15,7)"," seOMEGA(15,8)"," seOMEGA(15,9)","seOMEGA(15,10)","seOMEGA(15,11)","seOMEGA(15,12)","seOMEGA(15,13)","seOMEGA(15,14)","  seBSV_RACEL2"," seOMEGA(16,3)"," seOMEGA(16,4)"," seOMEGA(16,5)"," seOMEGA(16,6)"," seOMEGA(16,7)"," seOMEGA(16,8)"," seOMEGA(16,9)","seOMEGA(16,10)","seOMEGA(16,11)","seOMEGA(16,12)","seOMEGA(16,13)","seOMEGA(16,14)","seOMEGA(16,15)","  seBSV_ETHNIC"," seOMEGA(17,3)"," seOMEGA(17,4)"," seOMEGA(17,5)"," seOMEGA(17,6)"," seOMEGA(17,7)"," seOMEGA(17,8)"," seOMEGA(17,9)","seOMEGA(17,10)","seOMEGA(17,11)","seOMEGA(17,12)","seOMEGA(17,13)","seOMEGA(17,14)","seOMEGA(17,15)","seOMEGA(17,16)","    seBSV_NCIL","      se1. RUV","      seEPSCOV","shrinkage_eta1(%)","shrinkage_eta2(%)","shrinkage_eta3(%)","shrinkage_eta4(%)","shrinkage_eta5(%)","shrinkage_eta6(%)","shrinkage_eta7(%)","shrinkage_eta8(%)","shrinkage_eta9(%)","shrinkage_eta10(%)","shrinkage_eta11(%)","shrinkage_eta12(%)","shrinkage_eta13(%)","shrinkage_eta14(%)","shrinkage_eta15(%)","shrinkage_eta16(%)","shrinkage_eta17(%)","shrinkage_iwres(%)","           EI1","           EI2","           EI3","           EI4","           EI5","           EI6","           EI7","           EI8","           EI9","          EI10","          EI11","          EI12","          EI13","          EI14","          EI15","          EI16","          EI17","          EI18","          EI19","          EI20","          EI21","          EI22","          EI23","          EI24","          EI25","          EI26","          EI27","          EI28","          EI29","          EI30","          EI31","          EI32","          EI33","          EI34","          EI35","          EI36","          EI37","          EI38","          EI39","          EI40","          EI41","          EI42","          EI43","          EI44","          EI45","          EI46","          EI47","          EI48","          EI49","          EI50","          EI51","          EI52","          EI53","          EI54","          EI55","          EI56","          EI57","          EI58","          EI59","          EI60","          EI61","          EI62","          EI63","          EI64","          EI65","          EI66","          EI67","          EI68","          EI69","          EI70","          EI71","          EI72","          EI73","          EI74","          EI75","          EI76","          EI77","          EI78","          EI79","          EI80","          EI81","          EI82","          EI83","          EI84","          EI85","          EI86","          EI87","          EI88","          EI89","          EI90","          EI91","          EI92","          EI93","          EI94","          EI95","          EI96","          EI97","          EI98","          EI99","         EI100","         EI101","         EI102","         EI103","         EI104","         EI105","         EI106","         EI107","         EI108","         EI109","         EI110","         EI111","         EI112","         EI113","         EI114","         EI115","         EI116","         EI117","         EI118","         EI119","         EI120","         EI121","         EI122","         EI123","         EI124","         EI125","         EI126","         EI127","         EI128","         EI129","         EI130","         EI131","         EI132","         EI133","         EI134","         EI135","         EI136","         EI137","         EI138","         EI139","         EI140","         EI141","         EI142","         EI143","         EI144","         EI145","         EI146","         EI147","         EI148",
"",      16424.18,             1,          0.75,             1,      12.76773,      205.7705,      6.530482,      0.616844,      1.281751,-0.327266793103448,-0.539176166666667,     0.2425739,-0.143148379310345,       2.52314,      44.17363,      25.09031,      9.874965,      118.8154,       30.2895,      169.2701,      27.21127,      1.446636,     0.2012541,     0.4333319,     0.1482443,    0.08140435,9.99999999999997e-05,     0.5430733,     0.2754856,     0.3106044,     0.1441634,     0.1184438,     0.1356434,-0.0244986148735632,   0.003025195,    0.02595772,     0.1454234,     0.6717379,     0.3359018,     0.4792614,-0.0827146794827586,      170.3698,     0.4803256,     0.1449704,     0.2595229,     0.2877869,      16.27646,        114.58,    0.08425583,-0.178939952471264,-0.0390051428333333,-0.180527273563218,-8.22912637931034,-3.14894025747126,      26.46737,      3.522893,      2.977395,      3.920997,     0.9736509,-119.856606896552,-10.0726220229885,-8.72298495977011,      590.2737,     0.9005305,     0.6515547,     0.9984859,     0.1777061,      21.13302,      5.020321,-5.88834120689655,      79.38505,      39.66926,      3.558996,      2.914985,       3.26848,-0.0627567286149425,-1.33586591666667,      2.387881,      4.653422,      53.17523,-0.361797238045977,      103.3971,      1.129042,     0.4766677,     0.7730974,     0.6058904,      14.04299,      131.0815,     0.5062807,      23.52681,      12.84426,      9.897217,      231.9502,-0.161768649425287,-0.124163036781609,    -0.1158368,-0.00476403504385057,-0.241637975402299,-0.673478252873563,-0.372614699425287,-0.130160099195402,-0.133126391551724,-3.30392074712643,-1.29714366666667,      0.247237,   0.006382689,   0.009961702,    0.01613326,-0.00338209498850575,-1.12425004597701,-0.11499356454023,    0.09626122,     0.2581688,-0.014661521908046,     0.5452834,-0.765060218390804,   0.002019293,     0.1607225,-0.0459903133333333,-0.0386533502873563,-0.0523999212643678,    0.01345206,     -0.977825,-0.161737100689655,-0.00534194838505747,-0.0809094035747127,-0.449980040229885,-1.27678742528736,     0.7134889,   0.003336952,-0.077177340229885,     0.2455383,    0.02787273,-0.00291349604770115,    0.00791398,   0.001329034,-0.0712312266666666,      1.098405,      1.115171,     0.1404298,    0.01455611,     0.2046636,      2.366261,-0.0206011587356322,-0.00281308863333333,   0.006316513,     0.1262283,    0.04268368,         1e-07,
bias
"","           ofv","     1. TVFREL","2. WT coef on TVCL","3. WT coef on TVV","       4. TVCL","        5. TVV","      6. TVMAT","        7 TVD1"," GENO2=1 on CL"," GENO3=1 on CL"," GENO4=1 on CL","       CLFOOD1","     FRELFORM1","    FRELGENO41","        TV_AGE","        TV_AST","       TV_BILI","       TV_CRCL","        TV_BMI","         TV_HT","        TV_ALT","        TV_SEX","     TV_RACEL2","     TV_ETHNIC","       TV_NCIL"," 1. IIV on RUV","         2. D1","2. IIV on FREL","    OMEGA(4,3)","  3. IIV on CL","    OMEGA(5,3)","    OMEGA(5,4)","   4. IIV on V","    OMEGA(6,3)","    OMEGA(6,4)","    OMEGA(6,5)"," 5. IIV on MAT","    OMEGA(7,3)","    OMEGA(7,4)","    OMEGA(7,5)","    OMEGA(7,6)","       BSV_AGE","    OMEGA(8,3)","    OMEGA(8,4)","    OMEGA(8,5)","    OMEGA(8,6)","    OMEGA(8,7)","       BSV_AST","    OMEGA(9,3)","    OMEGA(9,4)","    OMEGA(9,5)","    OMEGA(9,6)","    OMEGA(9,7)","    OMEGA(9,8)","      BSV_BILI","   OMEGA(10,3)","   OMEGA(10,4)","   OMEGA(10,5)","   OMEGA(10,6)","   OMEGA(10,7)","   OMEGA(10,8)","   OMEGA(10,9)","      BSV_CRCL","   OMEGA(11,3)","   OMEGA(11,4)","   OMEGA(11,5)","   OMEGA(11,6)","   OMEGA(11,7)","   OMEGA(11,8)","   OMEGA(11,9)","  OMEGA(11,10)","       BSV_BMI","   OMEGA(12,3)","   OMEGA(12,4)","   OMEGA(12,5)","   OMEGA(12,6)","   OMEGA(12,7)","   OMEGA(12,8)","   OMEGA(12,9)","  OMEGA(12,10)","  OMEGA(12,11)","        BSV_HT","   OMEGA(13,3)","   OMEGA(13,4)","   OMEGA(13,5)","   OMEGA(13,6)","   OMEGA(13,7)","   OMEGA(13,8)","   OMEGA(13,9)","  OMEGA(13,10)","  OMEGA(13,11)","  OMEGA(13,12)","       BSV_ALT","   OMEGA(14,3)","   OMEGA(14,4)","   OMEGA(14,5)","   OMEGA(14,6)","   OMEGA(14,7)","   OMEGA(14,8)","   OMEGA(14,9)","  OMEGA(14,10)","  OMEGA(14,11)","  OMEGA(14,12)","  OMEGA(14,13)","       BSV_SEX","   OMEGA(15,3)","   OMEGA(15,4)","   OMEGA(15,5)","   OMEGA(15,6)","   OMEGA(15,7)","   OMEGA(15,8)","   OMEGA(15,9)","  OMEGA(15,10)","  OMEGA(15,11)","  OMEGA(15,12)","  OMEGA(15,13)","  OMEGA(15,14)","    BSV_RACEL2","   OMEGA(16,3)","   OMEGA(16,4)","   OMEGA(16,5)","   OMEGA(16,6)","   OMEGA(16,7)","   OMEGA(16,8)","   OMEGA(16,9)","  OMEGA(16,10)","  OMEGA(16,11)","  OMEGA(16,12)","  OMEGA(16,13)","  OMEGA(16,14)","  OMEGA(16,15)","    BSV_ETHNIC","   OMEGA(17,3)","   OMEGA(17,4)","   OMEGA(17,5)","   OMEGA(17,6)","   OMEGA(17,7)","   OMEGA(17,8)","   OMEGA(17,9)","  OMEGA(17,10)","  OMEGA(17,11)","  OMEGA(17,12)","  OMEGA(17,13)","  OMEGA(17,14)","  OMEGA(17,15)","  OMEGA(17,16)","      BSV_NCIL","        1. RUV","        EPSCOV","   se1. TVFREL","se2. WT coef on TVCL","se3. WT coef on TVV","     se4. TVCL","      se5. TVV","    se6. TVMAT","      se7 TVD1","seGENO2=1 on CL","seGENO3=1 on CL","seGENO4=1 on CL","     seCLFOOD1","   seFRELFORM1","  seFRELGENO41","      seTV_AGE","      seTV_AST","     seTV_BILI","     seTV_CRCL","      seTV_BMI","       seTV_HT","      seTV_ALT","      seTV_SEX","   seTV_RACEL2","   seTV_ETHNIC","     seTV_NCIL","se1. IIV on RUV","       se2. D1","se2. IIV on FREL","  seOMEGA(4,3)","se3. IIV on CL","  seOMEGA(5,3)","  seOMEGA(5,4)"," se4. IIV on V","  seOMEGA(6,3)","  seOMEGA(6,4)","  seOMEGA(6,5)","se5. IIV on MAT","  seOMEGA(7,3)","  seOMEGA(7,4)","  seOMEGA(7,5)","  seOMEGA(7,6)","     seBSV_AGE","  seOMEGA(8,3)","  seOMEGA(8,4)","  seOMEGA(8,5)","  seOMEGA(8,6)","  seOMEGA(8,7)","     seBSV_AST","  seOMEGA(9,3)","  seOMEGA(9,4)","  seOMEGA(9,5)","  seOMEGA(9,6)","  seOMEGA(9,7)","  seOMEGA(9,8)","    seBSV_BILI"," seOMEGA(10,3)"," seOMEGA(10,4)"," seOMEGA(10,5)"," seOMEGA(10,6)"," seOMEGA(10,7)"," seOMEGA(10,8)"," seOMEGA(10,9)","    seBSV_CRCL"," seOMEGA(11,3)"," seOMEGA(11,4)"," seOMEGA(11,5)"," seOMEGA(11,6)"," seOMEGA(11,7)"," seOMEGA(11,8)"," seOMEGA(11,9)","seOMEGA(11,10)","     seBSV_BMI"," seOMEGA(12,3)"," seOMEGA(12,4)"," seOMEGA(12,5)"," seOMEGA(12,6)"," seOMEGA(12,7)"," seOMEGA(12,8)"," seOMEGA(12,9)","seOMEGA(12,10)","seOMEGA(12,11)","      seBSV_HT"," seOMEGA(13,3)"," seOMEGA(13,4)"," seOMEGA(13,5)"," seOMEGA(13,6)"," seOMEGA(13,7)"," seOMEGA(13,8)"," seOMEGA(13,9)","seOMEGA(13,10)","seOMEGA(13,11)","seOMEGA(13,12)","     seBSV_ALT"," seOMEGA(14,3)"," seOMEGA(14,4)"," seOMEGA(14,5)"," seOMEGA(14,6)"," seOMEGA(14,7)"," seOMEGA(14,8)"," seOMEGA(14,9)","seOMEGA(14,10)","seOMEGA(14,11)","seOMEGA(14,12)","seOMEGA(14,13)","     seBSV_SEX"," seOMEGA(15,3)"," seOMEGA(15,4)"," seOMEGA(15,5)"," seOMEGA(15,6)"," seOMEGA(15,7)"," seOMEGA(15,8)"," seOMEGA(15,9)","seOMEGA(15,10)","seOMEGA(15,11)","seOMEGA(15,12)","seOMEGA(15,13)","seOMEGA(15,14)","  seBSV_RACEL2"," seOMEGA(16,3)"," seOMEGA(16,4)"," seOMEGA(16,5)"," seOMEGA(16,6)"," seOMEGA(16,7)"," seOMEGA(16,8)"," seOMEGA(16,9)","seOMEGA(16,10)","seOMEGA(16,11)","seOMEGA(16,12)","seOMEGA(16,13)","seOMEGA(16,14)","seOMEGA(16,15)","  seBSV_ETHNIC"," seOMEGA(17,3)"," seOMEGA(17,4)"," seOMEGA(17,5)"," seOMEGA(17,6)"," seOMEGA(17,7)"," seOMEGA(17,8)"," seOMEGA(17,9)","seOMEGA(17,10)","seOMEGA(17,11)","seOMEGA(17,12)","seOMEGA(17,13)","seOMEGA(17,14)","seOMEGA(17,15)","seOMEGA(17,16)","    seBSV_NCIL","      se1. RUV","      seEPSCOV","shrinkage_eta1(%)","shrinkage_eta2(%)","shrinkage_eta3(%)","shrinkage_eta4(%)","shrinkage_eta5(%)","shrinkage_eta6(%)","shrinkage_eta7(%)","shrinkage_eta8(%)","shrinkage_eta9(%)","shrinkage_eta10(%)","shrinkage_eta11(%)","shrinkage_eta12(%)","shrinkage_eta13(%)","shrinkage_eta14(%)","shrinkage_eta15(%)","shrinkage_eta16(%)","shrinkage_eta17(%)","shrinkage_iwres(%)","           EI1","           EI2","           EI3","           EI4","           EI5","           EI6","           EI7","           EI8","           EI9","          EI10","          EI11","          EI12","          EI13","          EI14","          EI15","          EI16","          EI17","          EI18","          EI19","          EI20","          EI21","          EI22","          EI23","          EI24","          EI25","          EI26","          EI27","          EI28","          EI29","          EI30","          EI31","          EI32","          EI33","          EI34","          EI35","          EI36","          EI37","          EI38","          EI39","          EI40","          EI41","          EI42","          EI43","          EI44","          EI45","          EI46","          EI47","          EI48","          EI49","          EI50","          EI51","          EI52","          EI53","          EI54","          EI55","          EI56","          EI57","          EI58","          EI59","          EI60","          EI61","          EI62","          EI63","          EI64","          EI65","          EI66","          EI67","          EI68","          EI69","          EI70","          EI71","          EI72","          EI73","          EI74","          EI75","          EI76","          EI77","          EI78","          EI79","          EI80","          EI81","          EI82","          EI83","          EI84","          EI85","          EI86","          EI87","          EI88","          EI89","          EI90","          EI91","          EI92","          EI93","          EI94","          EI95","          EI96","          EI97","          EI98","          EI99","         EI100","         EI101","         EI102","         EI103","         EI104","         EI105","         EI106","         EI107","         EI108","         EI109","         EI110","         EI111","         EI112","         EI113","         EI114","         EI115","         EI116","         EI117","         EI118","         EI119","         EI120","         EI121","         EI122","         EI123","         EI124","         EI125","         EI126","         EI127","         EI128","         EI129","         EI130","         EI131","         EI132","         EI133","         EI134","         EI135","         EI136","         EI137","         EI138","         EI139","         EI140","         EI141","         EI142","         EI143","         EI144","         EI145","         EI146","         EI147","         EI148",
"",-108.646925195422,             0,             0,             0,    0.01162701,     0.2215172,-0.00160793103448587,-9.7994252873379e-05,-0.0582687298850577,-0.00058079310344844,  0.0009978333,-0.000788080459770246,  0.0007626207,-0.0632799425287307,-0.00927413793102261,    0.04280517,-0.00523459770115053,     0.0804023,    0.01529885,    0.05414368,    0.05296667,-0.000793505747125556,  0.0005380575,-0.00341209770114947,  0.0002762701,-0.000252450574712654,-2.84603070277445e-19,   0.004557305,   0.002419615,  0.0005913621,-0.0028455632183908,-0.00269018793103447,-0.000849586206896541,-0.00201331487356323,-0.00205012494252874,-0.000877777931034496,-0.0013985632183908,    0.04423992,    0.04807876,-0.0105075833333334,    0.02451332,-0.715189655172395,    0.06789662,    0.02795139,    0.01473589,    0.02951287,-0.401843103448279,      1.374989,    0.02167143,    0.02152605,   0.009140857,-0.00385727356321833,     0.1746736,-0.179630257471263,-0.00833103448276162,-0.0459969022988505,-0.0756645402298859,-0.028832528735633,-0.022713057413793,-0.022606896551693,      0.475178,      0.473535,-2.06725287356301,-0.0203824885057476,-0.0181163103448277,-0.00145208620689674,   0.002873132,-0.324176436781613,-0.0976486385057465,     0.1901188,-0.419646551724128,-0.174841379310323,-0.077364252873565,-0.0707447701149428,-0.0212601149425273,-0.0177449286149425,-0.138175916666667,     0.3511512,     0.1825223,-0.351168390804602,     0.1577678,-0.687940804597716,    0.08836222,    0.02521972,    0.01456844,    0.03954643,-1.00310586206897,      1.522484,-0.0512843389080461,     0.5139136,-0.330836264367816,     0.4796669,      1.863213,   0.001510351,  0.0009879632,     0.0001482,-8.24504385057382e-06,    0.01865402,-0.0181332528735634,-0.0021106994252873,-0.00509009919540229,  0.0002266084,   0.001749253,-0.0198136666666675,-0.000188988505747167,-0.00546681141954023,-0.00312949844195402,-0.000899844195402288,-0.00174183498850575,-0.000360045977011669,-0.00622656454022989,-0.00892977787356324,-0.0253121994827586,   0.002063878,-0.0185906321839083,   0.002326782,   0.000172853,5.22988505613498e-07,   0.005214987,    0.00286175,  0.0009804787,   0.001439262,-0.0175880000000002,-0.00897310068965521,   0.003588562,     0.0663796,-0.00440304022988502,    0.02752257,-0.0232731416666665,-0.000152508140229886,  0.0008554598,-0.000742724137931222,   0.002641532,   0.001483884,    0.00031655,  0.0009176798,   0.008034673,    0.01309494,-0.00422862068965513,   0.008586779,   0.001542614,   0.004093646,    0.01946121,-0.000184458735632189,-0.000749098633333334,  0.0003292732,-0.000181735632183905,-6.26229885057547e-05,1.7205356741103e-22,
standard.error.confidence.intervals
"","           ofv","     1. TVFREL","2. WT coef on TVCL","3. WT coef on TVV","       4. TVCL","        5. TVV","      6. TVMAT","        7 TVD1"," GENO2=1 on CL"," GENO3=1 on CL"," GENO4=1 on CL","       CLFOOD1","     FRELFORM1","    FRELGENO41","        TV_AGE","        TV_AST","       TV_BILI","       TV_CRCL","        TV_BMI","         TV_HT","        TV_ALT","        TV_SEX","     TV_RACEL2","     TV_ETHNIC","       TV_NCIL"," 1. IIV on RUV","         2. D1","2. IIV on FREL","    OMEGA(4,3)","  3. IIV on CL","    OMEGA(5,3)","    OMEGA(5,4)","   4. IIV on V","    OMEGA(6,3)","    OMEGA(6,4)","    OMEGA(6,5)"," 5. IIV on MAT","    OMEGA(7,3)","    OMEGA(7,4)","    OMEGA(7,5)","    OMEGA(7,6)","       BSV_AGE","    OMEGA(8,3)","    OMEGA(8,4)","    OMEGA(8,5)","    OMEGA(8,6)","    OMEGA(8,7)","       BSV_AST","    OMEGA(9,3)","    OMEGA(9,4)","    OMEGA(9,5)","    OMEGA(9,6)","    OMEGA(9,7)","    OMEGA(9,8)","      BSV_BILI","   OMEGA(10,3)","   OMEGA(10,4)","   OMEGA(10,5)","   OMEGA(10,6)","   OMEGA(10,7)","   OMEGA(10,8)","   OMEGA(10,9)","      BSV_CRCL","   OMEGA(11,3)","   OMEGA(11,4)","   OMEGA(11,5)","   OMEGA(11,6)","   OMEGA(11,7)","   OMEGA(11,8)","   OMEGA(11,9)","  OMEGA(11,10)","       BSV_BMI","   OMEGA(12,3)","   OMEGA(12,4)","   OMEGA(12,5)","   OMEGA(12,6)","   OMEGA(12,7)","   OMEGA(12,8)","   OMEGA(12,9)","  OMEGA(12,10)","  OMEGA(12,11)","        BSV_HT","   OMEGA(13,3)","   OMEGA(13,4)","   OMEGA(13,5)","   OMEGA(13,6)","   OMEGA(13,7)","   OMEGA(13,8)","   OMEGA(13,9)","  OMEGA(13,10)","  OMEGA(13,11)","  OMEGA(13,12)","       BSV_ALT","   OMEGA(14,3)","   OMEGA(14,4)","   OMEGA(14,5)","   OMEGA(14,6)","   OMEGA(14,7)","   OMEGA(14,8)","   OMEGA(14,9)","  OMEGA(14,10)","  OMEGA(14,11)","  OMEGA(14,12)","  OMEGA(14,13)","       BSV_SEX","   OMEGA(15,3)","   OMEGA(15,4)","   OMEGA(15,5)","   OMEGA(15,6)","   OMEGA(15,7)","   OMEGA(15,8)","   OMEGA(15,9)","  OMEGA(15,10)","  OMEGA(15,11)","  OMEGA(15,12)","  OMEGA(15,13)","  OMEGA(15,14)","    BSV_RACEL2","   OMEGA(16,3)","   OMEGA(16,4)","   OMEGA(16,5)","   OMEGA(16,6)","   OMEGA(16,7)","   OMEGA(16,8)","   OMEGA(16,9)","  OMEGA(16,10)","  OMEGA(16,11)","  OMEGA(16,12)","  OMEGA(16,13)","  OMEGA(16,14)","  OMEGA(16,15)","    BSV_ETHNIC","   OMEGA(17,3)","   OMEGA(17,4)","   OMEGA(17,5)","   OMEGA(17,6)","   OMEGA(17,7)","   OMEGA(17,8)","   OMEGA(17,9)","  OMEGA(17,10)","  OMEGA(17,11)","  OMEGA(17,12)","  OMEGA(17,13)","  OMEGA(17,14)","  OMEGA(17,15)","  OMEGA(17,16)","      BSV_NCIL","        1. RUV","        EPSCOV","   se1. TVFREL","se2. WT coef on TVCL","se3. WT coef on TVV","     se4. TVCL","      se5. TVV","    se6. TVMAT","      se7 TVD1","seGENO2=1 on CL","seGENO3=1 on CL","seGENO4=1 on CL","     seCLFOOD1","   seFRELFORM1","  seFRELGENO41","      seTV_AGE","      seTV_AST","     seTV_BILI","     seTV_CRCL","      seTV_BMI","       seTV_HT","      seTV_ALT","      seTV_SEX","   seTV_RACEL2","   seTV_ETHNIC","     seTV_NCIL","se1. IIV on RUV","       se2. D1","se2. IIV on FREL","  seOMEGA(4,3)","se3. IIV on CL","  seOMEGA(5,3)","  seOMEGA(5,4)"," se4. IIV on V","  seOMEGA(6,3)","  seOMEGA(6,4)","  seOMEGA(6,5)","se5. IIV on MAT","  seOMEGA(7,3)","  seOMEGA(7,4)","  seOMEGA(7,5)","  seOMEGA(7,6)","     seBSV_AGE","  seOMEGA(8,3)","  seOMEGA(8,4)","  seOMEGA(8,5)","  seOMEGA(8,6)","  seOMEGA(8,7)","     seBSV_AST","  seOMEGA(9,3)","  seOMEGA(9,4)","  seOMEGA(9,5)","  seOMEGA(9,6)","  seOMEGA(9,7)","  seOMEGA(9,8)","    seBSV_BILI"," seOMEGA(10,3)"," seOMEGA(10,4)"," seOMEGA(10,5)"," seOMEGA(10,6)"," seOMEGA(10,7)"," seOMEGA(10,8)"," seOMEGA(10,9)","    seBSV_CRCL"," seOMEGA(11,3)"," seOMEGA(11,4)"," seOMEGA(11,5)"," seOMEGA(11,6)"," seOMEGA(11,7)"," seOMEGA(11,8)"," seOMEGA(11,9)","seOMEGA(11,10)","     seBSV_BMI"," seOMEGA(12,3)"," seOMEGA(12,4)"," seOMEGA(12,5)"," seOMEGA(12,6)"," seOMEGA(12,7)"," seOMEGA(12,8)"," seOMEGA(12,9)","seOMEGA(12,10)","seOMEGA(12,11)","      seBSV_HT"," seOMEGA(13,3)"," seOMEGA(13,4)"," seOMEGA(13,5)"," seOMEGA(13,6)"," seOMEGA(13,7)"," seOMEGA(13,8)"," seOMEGA(13,9)","seOMEGA(13,10)","seOMEGA(13,11)","seOMEGA(13,12)","     seBSV_ALT"," seOMEGA(14,3)"," seOMEGA(14,4)"," seOMEGA(14,5)"," seOMEGA(14,6)"," seOMEGA(14,7)"," seOMEGA(14,8)"," seOMEGA(14,9)","seOMEGA(14,10)","seOMEGA(14,11)","seOMEGA(14,12)","seOMEGA(14,13)","     seBSV_SEX"," seOMEGA(15,3)"," seOMEGA(15,4)"," seOMEGA(15,5)"," seOMEGA(15,6)"," seOMEGA(15,7)"," seOMEGA(15,8)"," seOMEGA(15,9)","seOMEGA(15,10)","seOMEGA(15,11)","seOMEGA(15,12)","seOMEGA(15,13)","seOMEGA(15,14)","  seBSV_RACEL2"," seOMEGA(16,3)"," seOMEGA(16,4)"," seOMEGA(16,5)"," seOMEGA(16,6)"," seOMEGA(16,7)"," seOMEGA(16,8)"," seOMEGA(16,9)","seOMEGA(16,10)","seOMEGA(16,11)","seOMEGA(16,12)","seOMEGA(16,13)","seOMEGA(16,14)","seOMEGA(16,15)","  seBSV_ETHNIC"," seOMEGA(17,3)"," seOMEGA(17,4)"," seOMEGA(17,5)"," seOMEGA(17,6)"," seOMEGA(17,7)"," seOMEGA(17,8)"," seOMEGA(17,9)","seOMEGA(17,10)","seOMEGA(17,11)","seOMEGA(17,12)","seOMEGA(17,13)","seOMEGA(17,14)","seOMEGA(17,15)","seOMEGA(17,16)","    seBSV_NCIL","      se1. RUV","      seEPSCOV","shrinkage_eta1(%)","shrinkage_eta2(%)","shrinkage_eta3(%)","shrinkage_eta4(%)","shrinkage_eta5(%)","shrinkage_eta6(%)","shrinkage_eta7(%)","shrinkage_eta8(%)","shrinkage_eta9(%)","shrinkage_eta10(%)","shrinkage_eta11(%)","shrinkage_eta12(%)","shrinkage_eta13(%)","shrinkage_eta14(%)","shrinkage_eta15(%)","shrinkage_eta16(%)","shrinkage_eta17(%)","shrinkage_iwres(%)","           EI1","           EI2","           EI3","           EI4","           EI5","           EI6","           EI7","           EI8","           EI9","          EI10","          EI11","          EI12","          EI13","          EI14","          EI15","          EI16","          EI17","          EI18","          EI19","          EI20","          EI21","          EI22","          EI23","          EI24","          EI25","          EI26","          EI27","          EI28","          EI29","          EI30","          EI31","          EI32","          EI33","          EI34","          EI35","          EI36","          EI37","          EI38","          EI39","          EI40","          EI41","          EI42","          EI43","          EI44","          EI45","          EI46","          EI47","          EI48","          EI49","          EI50","          EI51","          EI52","          EI53","          EI54","          EI55","          EI56","          EI57","          EI58","          EI59","          EI60","          EI61","          EI62","          EI63","          EI64","          EI65","          EI66","          EI67","          EI68","          EI69","          EI70","          EI71","          EI72","          EI73","          EI74","          EI75","          EI76","          EI77","          EI78","          EI79","          EI80","          EI81","          EI82","          EI83","          EI84","          EI85","          EI86","          EI87","          EI88","          EI89","          EI90","          EI91","          EI92","          EI93","          EI94","          EI95","          EI96","          EI97","          EI98","          EI99","         EI100","         EI101","         EI102","         EI103","         EI104","         EI105","         EI106","         EI107","         EI108","         EI109","         EI110","         EI111","         EI112","         EI113","         EI114","         EI115","         EI116","         EI117","         EI118","         EI119","         EI120","         EI121","         EI122","         EI123","         EI124","         EI125","         EI126","         EI127","         EI128","         EI129","         EI130","         EI131","         EI132","         EI133","         EI134","         EI135","         EI136","         EI137","         EI138","         EI139","         EI140","         EI141","         EI142","         EI143","         EI144","         EI145","         EI146","         EI147","         EI148",
"         0.05%",      15210.26,             1,          0.75,             1,      11.89836,      196.7254,      6.114791,     0.6165824,     0.4810024,-0.452828200125334,-0.716313800794751,     0.1540536,-0.17475055264447,      1.190145,      42.65807,      23.76769,      9.284385,      115.4115,      29.47487,      167.9286,      25.37942,      1.388145,     0.1486582,     0.3725266,     0.1092157,     0.0561251,9.99999999999991e-05,     0.3907335,     0.1743035,     0.2228044,     0.1017311,    0.08616342,     0.1140107,-0.0705557997976568,-0.0344405532452203,   0.002700865,     0.1064828,-1.04386574725851,-1.01216353604205,-0.0948515389332341,-1.0510407527876,      148.3264,-0.939230201361925,-0.9592194196371,-0.264000377963233,-0.408496845401865,      2.146839,      38.40322,-0.488787457545708,-0.653550030238898,-0.313859189268523,-0.41926766535934,-15.2027540699575,-9.26925657046466,       18.8779,     0.4464118,     0.6554518,      2.841177,-0.654473442457742,-161.177611310664,-42.2056944675494,-24.1258656878038,      517.7808,    0.07339407,    0.03006377,     0.6666401,-0.262874065964737,      12.09455,-3.71755647337467,-10.4242409787277,      62.39097,      32.24228,      2.505256,      2.098133,      2.735378,-0.623323260617388,-17.5636004462686,-10.0357732461452,-2.81950521018917,      23.75617,-8.43387532077244,      87.37918,-0.712645834715656,-0.96374771712994,   0.002935255,-0.41900549377425,-4.93088305287248,      35.42785,-8.54127308930812,-24.0513030872967,      1.081494,-8.5582867646175,      100.7712,-0.213178299896415,-0.164478115263187,-0.134095567585539,-0.0352258599873068,-1.02978481248693,-1.31459740102195,-0.690336853708036,-1.65342533428906,-0.536271602508383,-3.7373134087276,-2.16946125310462,     0.2407988,-0.0362776709777847,-0.0208759694622075,-0.00158856088254335,-0.0283592718249687,-1.82552269963846,-0.490050144468385,-0.114898732078264,-1.02567071470354,-0.33887585689114,    0.08017632,-1.41254680910488,-0.0209917307337655,     0.1295967,-0.11114535620856,-0.0898046066154838,-0.0729422424066178,-0.0187527611673565,-1.71819128813228,-0.884468533361482,-0.325799557274483,-1.65459055754932,-0.833784676234956,-1.83413797669765,-0.222020135971935,-0.026779809524186,-0.0989703453579175,     0.2377095,-0.0139039266369052,-0.0369482443888111,-0.00991404621740687,-0.0231281329278304,-0.587813548306338,     0.2514582,     0.7249275,-0.966090232375001,-0.27804663150016,-0.261602497291145,      1.048738,-0.0413869311177834,-0.0179566352956537,-0.0163436969837671,    0.09916919,    0.03775799,9.99999999999994e-08,
"          0.5%",      15497.52,             1,          0.75,             1,      12.08467,      198.6419,      6.205429,     0.6166605,     0.6675819,-0.425429983918199,-0.678056054060817,     0.1734515,-0.168052169944271,      1.493417,      42.98927,      24.04566,      9.413797,      116.1334,      29.64849,      168.2082,       25.7658,      1.401022,     0.1599652,     0.3864746,     0.1176327,    0.06167061,9.99999999999993e-05,      0.422832,     0.1957548,     0.2417462,     0.1115655,    0.09375906,     0.1188939,-0.0601148375714343,-0.0258576647454911,   0.007942933,     0.1152445,-0.68084381437121,-0.729805117166724,    0.03212865,-0.84604364766154,      153.2696,-0.645648426186916,-0.725459322838852,-0.153491233751009,-0.26367352882119,      5.303087,      54.65024,-0.369028920366581,-0.555139710709422,-0.256146010003909,-0.366575201772554,-13.7260142207557,-7.90090166576595,      20.52815,      1.124617,      1.176215,      3.081978,-0.295909844182541,-152.19773621456,-35.3295670778039,-20.883196378254,      533.9754,     0.2574761,     0.1689871,     0.7390327,-0.167803638964282,      14.12813,-1.79847099380595,-9.48033285974983,      66.17325,       33.8934,      2.750933,       2.29092,      2.855786,-0.497713413815003,-14.0089077868101,-7.41361306683505,-1.23602166552356,       30.2223,-6.71487894142095,       91.0077,-0.331821651743074,-0.656365745079258,      0.167051,-0.204986565586905,-0.591861692019132,      55.87323,-6.56499605468466,-13.8289095463483,      3.708238,-4.6539164453128,      128.8587,-0.202340120399084,-0.155936225192195,-0.130161933592715,-0.0286077293020224,-0.862650178515071,-1.17140709832923,-0.620868827406521,-1.32146497646612,-0.448757265716789,-3.64356001434449,-1.97568942311104,     0.2422383,-0.0258243997126813,-0.0134982651575001,   0.002456083,-0.0225558748484286,-1.67312735229562,-0.407235051518513,-0.0670950148570712,-0.741321609552766,-0.268904444783528,      0.185236,-1.27241743193811,-0.016031256452221,     0.1363572,-0.098126314065342,-0.0793160758821344,-0.0686933900230865,-0.012070449492441,-1.55356283357275,-0.725541552661451,-0.256975272792771,-1.32720310178865,-0.749465567830421,-1.71905879269953,-0.0137716653507099,-0.0202052929069741,-0.0944226888718808,     0.2395713,-0.00540373669391897,-0.0298781630094818,-0.00611053548876967,-0.0180153320442807,-0.477356473623299,     0.4325717,     0.8106073,-0.727617999833317,-0.214828070192406,-0.161218153327012,      1.330679,-0.0368321752509304,-0.0145047363159231,-0.0114933943968355,     0.1050859,    0.03884146,9.99999999999995e-08,
"          2.5%",      15745.03,             1,          0.75,             1,      12.24519,      200.2932,      6.283524,     0.6167278,     0.8283426,-0.401823125739448,-0.645092404363383,     0.1901651,-0.162280707698879,      1.754723,      43.27463,      24.28517,        9.5253,      116.7554,      29.79808,      168.4491,      26.09871,      1.412116,     0.1697076,     0.3984926,      0.124885,    0.06644874,9.99999999999994e-05,     0.4504888,     0.2142377,     0.2580668,      0.120039,     0.1003036,     0.1231013,-0.0511186929808258,-0.0184624741226658,     0.0124596,     0.1227938,-0.368056762080741,-0.486519382811856,     0.1415373,-0.669413988592522,      157.5287,-0.392692420656245,-0.524046887399701,-0.0582743161549724,-0.138890825098817,      8.022575,      68.64901,-0.265842538395256,-0.470347385585242,-0.206419165466131,-0.321174307583743,-12.4536252475662,-6.72189935666638,      21.95004,      1.708973,      1.624915,      3.289456,    0.01303582,-144.46049389725,-29.4049564067458,-18.0892468038582,      547.9289,     0.4160848,     0.2886863,     0.8014077,-0.085889032910161,       15.8803,-0.144948063459767,-8.66704250062492,      69.43214,      35.31605,      2.962613,      2.457029,      2.959532,-0.389485424923288,-10.946112572462,-5.15430673072315,     0.1283398,      35.79364,-5.23375683367694,      94.13411,-0.00369582010110481,-0.391519210325082,     0.3084564,-0.0205835209839019,      3.146727,      73.48939,-4.86219572178815,-5.02108816322797,      5.971494,-1.28983187468479,      153.0595,-0.193001725359968,-0.148576359646208,-0.126772634848095,-0.0229054138186055,-0.718643591695605,-1.04803143245799,-0.561013768505622,-1.03544120656635,-0.373353140074892,-3.56278019027688,-1.80873168852304,     0.2434785,-0.016817649404789,-0.00714148565443755,    0.00594103,-0.0175555504351736,-1.54182043345734,-0.335879889578494,-0.0259063635840747,-0.496320659571171,-0.208615658473373,     0.2757575,-1.15167912151514,-0.0117572113107979,     0.1421821,-0.0869088435857094,-0.0702789453020357,-0.0650324927266284,-0.0063128343680349,-1.41171562171076,-0.588606846190094,-0.197674874886183,-1.04511943695386,-0.676814515702937,-1.61990423623382,     0.1656594,-0.0145405561882402,-0.0905043359068586,     0.2411754,   0.001920199,-0.023786437651442,-0.00283335358490122,-0.013610039216395,-0.382184420188549,     0.5886227,     0.8844308,-0.522145492768577,-0.160357676945848,-0.0747249687557044,      1.573604,-0.0329077053155616,-0.0115305102186541,-0.00731427541959686,     0.1101839,      0.039775,9.99999999999997e-08,
"            5%",      15871.68,             1,          0.75,             1,      12.32732,      201.1381,      6.323485,     0.6167623,     0.9106026,-0.389743682718785,-0.628225164968025,     0.1987173,-0.159327496017289,      1.888431,      43.42065,      24.40773,      9.582356,      117.0736,      29.87462,      168.5724,      26.26905,      1.417794,     0.1746927,     0.4046421,      0.128596,    0.06889367,9.99999999999995e-05,     0.4646405,     0.2236953,      0.266418,     0.1243749,     0.1036524,     0.1252543,-0.046515436792939,-0.0146784134450883,    0.01477075,     0.1266567,-0.208006095993169,-0.362031992595521,     0.1975209,-0.579033986038694,      159.7081,-0.263256828998702,-0.420985733767229,-0.00955257088944603,-0.0750405004107363,      9.414115,      75.81206,-0.213042881105284,-0.42695982201488,-0.180974331569,-0.29794302833903,-11.8025538518988,-6.11861317999007,      22.67761,      2.007983,      1.854511,      3.395622,     0.1711209,-140.501408067136,-26.3733798844164,-16.6596048569726,      555.0688,     0.4972437,     0.3499354,     0.8333245,-0.0439739754764917,      16.77687,     0.7011466,-8.25088824248874,      71.09969,        36.044,      3.070928,      2.542026,      3.012618,-0.334106017161386,-9.3789044333892,-3.99823750937067,     0.8264729,      38.64445,-4.47587834041592,      95.73386,     0.1642036,-0.255999328705983,     0.3808125,    0.07377406,      5.059733,      82.50344,-3.99088623023946,-0.514195474333512,      7.129584,     0.4315437,      165.4429,-0.188223342318679,-0.144810374531657,-0.125038357429404,-0.0199875839894001,-0.644956557744949,-0.984901077933748,-0.530386407252499,-0.889085100857644,-0.334769444086321,-3.52144579182982,-1.72330073339365,     0.2441131,-0.0122089663550701,-0.00388877175152261,    0.00772425,-0.0149969238963352,-1.47463171938468,-0.299368016361054,-0.00483045579563492,-0.370955607055418,-0.177766362327985,     0.3220766,-1.08989828095931,-0.00957021614343442,     0.1451627,-0.0811689524714967,-0.0656547169067951,-0.0631592404724649,-0.0033667081489697,-1.33913352288369,-0.518538437601064,-0.167331329286369,-0.90077945191092,-0.63963954570396,-1.56916763223521,     0.2574729,-0.0116419551163451,-0.0884993456189754,     0.2419962,   0.005667799,-0.0206693498626821,-0.00115644546877756,-0.011355885643698,-0.333485631560278,     0.6684728,     0.9222057,-0.417006832528078,-0.132485606611339,-0.0304670888297235,      1.697907,-0.0308995850222282,-0.0100086221977878,-0.00517585322127289,     0.1127925,    0.04025268,9.99999999999997e-08,
"           95%",      17193.98,             1,          0.75,             1,      13.18488,      209.9599,      6.740695,     0.6171217,      1.769437,-0.263628317281215,-0.452122835031975,     0.2880067,-0.128494503982711,      3.284409,      44.94515,      25.68727,      10.17804,      120.3964,      30.67378,      169.8596,      28.04755,      1.477066,     0.2267393,     0.4688459,       0.16734,    0.09441993,        0.0001,     0.6123915,     0.3224367,      0.353608,     0.1696431,     0.1386156,     0.1477317,   0.001544837,    0.02482905,    0.03890025,     0.1669873,      1.463002,      0.937678,     0.7820171,      0.364578,      182.4619,      1.088115,     0.6550237,     0.4991266,     0.5915885,      23.94248,      150.5979,     0.3382117,    0.02602782,    0.08468233,-0.0553969716609698,-5.00504614810117,     0.1799932,      30.27379,      5.129797,      4.251609,      4.504038,      1.821607,-99.1665919328639,       5.27778,-1.73343514302738,      629.6132,      1.344582,     0.9894066,      1.166552,       0.39364,      26.13753,      9.534793,-3.90603175751126,      88.50971,       43.6442,      4.201792,      3.429434,      3.566862,     0.2440824,      6.983524,      8.071698,      8.115327,      68.40835,      3.436748,      112.4361,      1.917156,      1.158895,      1.136246,      1.058914,      25.03247,      176.6146,      5.106016,         46.54,      19.22062,      18.40356,      294.7311,-0.138334657681321,-0.105491625468343,-0.106931642570596,      0.010476,     0.1243726,-0.325788922066252,-0.210621592747501,     0.6389451,    0.06806344,-3.08989420817018,-0.831359266606354,     0.2507389,    0.03590797,    0.03007117,    0.02634195,     0.0117164,-0.773148280615317,    0.08183402,     0.2152125,     0.9379176,     0.1443156,     0.8056714,-0.444875719040688,     0.0132631,     0.1762813,-0.0212416475285033,-0.0173754830932049,-0.0436015595275352,    0.02739231,-0.581340477116308,     0.2130104,     0.1494703,     0.6062015,-0.25151445429604,-1.03945236776479,      1.216051,    0.01862088,-0.0675662543810246,     0.2505658,     0.0447946,    0.01187459,    0.01635131,    0.01217859,     0.1749538,      1.502147,      1.316594,     0.6806928,     0.1585126,     0.4316071,      2.995693,-0.00993381497777181,   0.005880642,    0.01715033,     0.1400275,    0.04523992,         1e-07,
"         97.5%",      17320.63,             1,          0.75,             1,      13.26701,      210.8048,      6.780656,     0.6171562,      1.851697,-0.251548874260552,-0.435255595636617,     0.2965589,-0.125541292301121,      3.418117,      45.09117,      25.80983,       10.2351,      120.7146,      30.75032,      169.9829,      28.21789,      1.482744,     0.2317244,     0.4749954,      0.171051,    0.09686486,        0.0001,     0.6265432,     0.3318943,     0.3619592,      0.173979,     0.1419644,     0.1498847,   0.006148093,    0.02861311,     0.0412114,     0.1708502,      1.623053,      1.062165,     0.8380007,      0.454958,      184.6413,       1.21755,     0.7580849,     0.5478483,     0.6554388,      25.33403,       157.761,     0.3910113,    0.06941539,     0.1101272,-0.0321656924162568,-4.35397475243376,     0.7832794,      31.00136,      5.428807,      4.481205,      4.610204,      1.979692,-95.2075061027499,      8.309356,-0.303793196141809,      636.7531,      1.425741,      1.050656,      1.198468,      0.435555,       27.0341,      10.38089,-3.48987749937508,      90.17726,      44.37215,      4.310107,      3.514431,      3.619948,     0.2994618,      8.550733,      9.227767,       8.81346,      71.25916,      4.194627,      114.0359,      2.085056,      1.294415,      1.208602,      1.153272,      26.94547,      185.6286,      5.977326,      51.04689,      20.37871,      20.12493,      307.1145,-0.133556274640032,-0.101725640353792,-0.105197365151905,    0.01339383,     0.1980596,-0.262658567542011,-0.179994231494378,     0.7853012,     0.1066471,-3.04855980972312,-0.745928311476962,     0.2513735,    0.04051665,    0.03332389,    0.02812517,    0.01427503,-0.70595956654266,     0.1183459,     0.2362884,      1.063283,     0.1751649,     0.8519905,-0.383094878484861,    0.01545009,     0.1792619,-0.0155017564142906,-0.0127512546979643,-0.0417283072733716,    0.03033843,-0.508758378289236,     0.2830788,     0.1798139,     0.7505414,-0.214339484297063,-0.988715763766179,      1.307865,    0.02151948,-0.0655612640931414,     0.2513866,     0.0485422,    0.01499168,    0.01802821,    0.01443275,     0.2236526,      1.581997,      1.354369,     0.7858315,     0.1863847,      0.475865,      3.119996,-0.00792569468443841,    0.00740253,    0.01928876,     0.1426361,     0.0457176,         1e-07,
"         99.5%",      17568.14,             1,          0.75,             1,      13.42753,      212.4561,      6.858751,     0.6172235,      2.012458,-0.227942016081801,-0.402291945939183,     0.3132725,-0.119769830055729,      3.679423,      45.37653,      26.04934,       10.3466,      121.3366,      30.89991,      170.2238,       28.5508,      1.493838,     0.2414668,     0.4870134,     0.1783033,      0.101643,        0.0001,        0.6542,     0.3503772,     0.3782798,     0.1824525,     0.1485089,     0.1540921,    0.01514424,     0.0360083,    0.04572807,     0.1783995,       1.93584,      1.305451,     0.9474094,     0.6315876,      188.9004,      1.470506,     0.9594973,     0.6430652,     0.7802215,      28.05351,      171.7598,     0.4941977,     0.1542077,      0.159854,     0.0132352,-3.08158577924432,      1.962282,      32.42325,      6.013163,      4.929905,      4.817682,      2.288638,-87.4702637854404,      14.23397,      2.490156,      650.7066,       1.58435,      1.170355,      1.260843,     0.5174696,      28.78627,      12.03441,-2.67658714025017,      93.43615,       45.7948,      4.521787,       3.68054,      3.723694,     0.4076898,      11.61353,      11.48707,      10.17782,       76.8305,      5.675749,      117.1623,      2.413182,      1.559262,      1.350007,      1.337675,      30.68406,      203.2448,      7.680126,      59.85471,      22.64196,      23.48902,      331.3153,-0.124217879600916,-0.0943657748078053,-0.101808066407285,    0.01909615,     0.3420662,-0.139282901670771,-0.120139172593478,      1.071325,     0.1820513,-2.96777998565551,-0.578970576888958,     0.2526137,     0.0495234,    0.03968067,    0.03161012,    0.01927535,-0.57465264770438,     0.1897011,      0.277477,      1.308284,     0.2354536,      0.942512,-0.26235656806189,    0.01972414,     0.1850868,-0.00428428593465796,-0.0037141241178656,-0.0380674099769135,    0.03609605,-0.366911166427252,     0.4200136,     0.2391143,      1.032625,-0.141688432169579,-0.889561207300472,      1.487296,    0.02718421,-0.0616429111281191,     0.2529907,    0.05586614,     0.0210834,     0.0213054,    0.01883804,     0.3188247,      1.738048,      1.428193,      0.991304,     0.2408551,     0.5623582,      3.362921,-0.00400122474906962,    0.01037676,    0.02346787,     0.1477341,    0.04665114,         1e-07,
"        99.95%",      17855.41,             1,          0.75,             1,      13.61384,      214.3726,      6.949389,     0.6173016,      2.199038,-0.200543799874666,-0.364034199205249,     0.3326704,-0.11307144735553,      3.982695,      45.70773,      26.32731,      10.47601,      122.0585,      31.07353,      170.5034,      28.93718,      1.506715,     0.2527738,     0.5009614,     0.1867203,     0.1071885,        0.0001,     0.6862985,     0.3718285,     0.3972216,     0.1922869,     0.1561046,     0.1589753,     0.0255852,    0.04459119,    0.05097014,     0.1871612,      2.298862,       1.58781,       1.07439,     0.8365848,      193.8436,      1.764088,      1.193257,     0.7535744,     0.9250448,      31.20976,      188.0068,     0.6139563,      0.252618,     0.2175672,    0.06592767,-1.60484593004249,      3.330637,       34.0735,      6.691368,      5.450668,      5.058483,      2.647201,-78.4903886893359,      21.11009,      5.732826,      666.9012,      1.768432,      1.309278,      1.333236,     0.6125401,      30.81985,       13.9535,-1.7326790212723,      97.21843,      47.44592,      4.767464,      3.873327,      3.844102,     0.5332997,      15.16822,      14.10923,      11.76131,      83.29663,      7.394745,      120.7908,      2.794006,      1.866644,      1.514123,      1.551693,      35.02308,      223.6901,      9.656403,       70.0771,      25.26871,      27.39339,      359.4028,-0.113379700103585,-0.0858238847368131,-0.0978744324144614,    0.02571428,     0.5092008,   0.003907401,-0.050671146291964,      1.403285,     0.2695656,-2.87402659127241,-0.385198746895379,     0.2540532,    0.05997667,    0.04705837,    0.03565476,    0.02507875,-0.422257300361542,     0.2725161,     0.3252807,      1.592633,     0.3054251,      1.047572,-0.12222719089512,    0.02468461,     0.1918473,   0.008734756,   0.006774407,-0.0338185575933822,    0.04277836,-0.202282711867719,     0.5789405,     0.3079385,      1.360013,-0.0573693237650439,-0.774482023302354,      1.695544,    0.03375873,-0.0570952546420825,     0.2548525,    0.06436633,    0.02815348,    0.02510891,    0.02395084,     0.4292817,      1.919162,      1.513872,      1.229776,     0.3040736,     0.6627425,      3.644862,  0.0005535311,    0.01382866,    0.02831818,     0.1536508,    0.04773461,1.00000000000001e-07,
standard.errors
"","           ofv","     1. TVFREL","2. WT coef on TVCL","3. WT coef on TVV","       4. TVCL","        5. TVV","      6. TVMAT","        7 TVD1"," GENO2=1 on CL"," GENO3=1 on CL"," GENO4=1 on CL","       CLFOOD1","     FRELFORM1","    FRELGENO41","        TV_AGE","        TV_AST","       TV_BILI","       TV_CRCL","        TV_BMI","         TV_HT","        TV_ALT","        TV_SEX","     TV_RACEL2","     TV_ETHNIC","       TV_NCIL"," 1. IIV on RUV","         2. D1","2. IIV on FREL","    OMEGA(4,3)","  3. IIV on CL","    OMEGA(5,3)","    OMEGA(5,4)","   4. IIV on V","    OMEGA(6,3)","    OMEGA(6,4)","    OMEGA(6,5)"," 5. IIV on MAT","    OMEGA(7,3)","    OMEGA(7,4)","    OMEGA(7,5)","    OMEGA(7,6)","       BSV_AGE","    OMEGA(8,3)","    OMEGA(8,4)","    OMEGA(8,5)","    OMEGA(8,6)","    OMEGA(8,7)","       BSV_AST","    OMEGA(9,3)","    OMEGA(9,4)","    OMEGA(9,5)","    OMEGA(9,6)","    OMEGA(9,7)","    OMEGA(9,8)","      BSV_BILI","   OMEGA(10,3)","   OMEGA(10,4)","   OMEGA(10,5)","   OMEGA(10,6)","   OMEGA(10,7)","   OMEGA(10,8)","   OMEGA(10,9)","      BSV_CRCL","   OMEGA(11,3)","   OMEGA(11,4)","   OMEGA(11,5)","   OMEGA(11,6)","   OMEGA(11,7)","   OMEGA(11,8)","   OMEGA(11,9)","  OMEGA(11,10)","       BSV_BMI","   OMEGA(12,3)","   OMEGA(12,4)","   OMEGA(12,5)","   OMEGA(12,6)","   OMEGA(12,7)","   OMEGA(12,8)","   OMEGA(12,9)","  OMEGA(12,10)","  OMEGA(12,11)","        BSV_HT","   OMEGA(13,3)","   OMEGA(13,4)","   OMEGA(13,5)","   OMEGA(13,6)","   OMEGA(13,7)","   OMEGA(13,8)","   OMEGA(13,9)","  OMEGA(13,10)","  OMEGA(13,11)","  OMEGA(13,12)","       BSV_ALT","   OMEGA(14,3)","   OMEGA(14,4)","   OMEGA(14,5)","   OMEGA(14,6)","   OMEGA(14,7)","   OMEGA(14,8)","   OMEGA(14,9)","  OMEGA(14,10)","  OMEGA(14,11)","  OMEGA(14,12)","  OMEGA(14,13)","       BSV_SEX","   OMEGA(15,3)","   OMEGA(15,4)","   OMEGA(15,5)","   OMEGA(15,6)","   OMEGA(15,7)","   OMEGA(15,8)","   OMEGA(15,9)","  OMEGA(15,10)","  OMEGA(15,11)","  OMEGA(15,12)","  OMEGA(15,13)","  OMEGA(15,14)","    BSV_RACEL2","   OMEGA(16,3)","   OMEGA(16,4)","   OMEGA(16,5)","   OMEGA(16,6)","   OMEGA(16,7)","   OMEGA(16,8)","   OMEGA(16,9)","  OMEGA(16,10)","  OMEGA(16,11)","  OMEGA(16,12)","  OMEGA(16,13)","  OMEGA(16,14)","  OMEGA(16,15)","    BSV_ETHNIC","   OMEGA(17,3)","   OMEGA(17,4)","   OMEGA(17,5)","   OMEGA(17,6)","   OMEGA(17,7)","   OMEGA(17,8)","   OMEGA(17,9)","  OMEGA(17,10)","  OMEGA(17,11)","  OMEGA(17,12)","  OMEGA(17,13)","  OMEGA(17,14)","  OMEGA(17,15)","  OMEGA(17,16)","      BSV_NCIL","        1. RUV","        EPSCOV","   se1. TVFREL","se2. WT coef on TVCL","se3. WT coef on TVV","     se4. TVCL","      se5. TVV","    se6. TVMAT","      se7 TVD1","seGENO2=1 on CL","seGENO3=1 on CL","seGENO4=1 on CL","     seCLFOOD1","   seFRELFORM1","  seFRELGENO41","      seTV_AGE","      seTV_AST","     seTV_BILI","     seTV_CRCL","      seTV_BMI","       seTV_HT","      seTV_ALT","      seTV_SEX","   seTV_RACEL2","   seTV_ETHNIC","     seTV_NCIL","se1. IIV on RUV","       se2. D1","se2. IIV on FREL","  seOMEGA(4,3)","se3. IIV on CL","  seOMEGA(5,3)","  seOMEGA(5,4)"," se4. IIV on V","  seOMEGA(6,3)","  seOMEGA(6,4)","  seOMEGA(6,5)","se5. IIV on MAT","  seOMEGA(7,3)","  seOMEGA(7,4)","  seOMEGA(7,5)","  seOMEGA(7,6)","     seBSV_AGE","  seOMEGA(8,3)","  seOMEGA(8,4)","  seOMEGA(8,5)","  seOMEGA(8,6)","  seOMEGA(8,7)","     seBSV_AST","  seOMEGA(9,3)","  seOMEGA(9,4)","  seOMEGA(9,5)","  seOMEGA(9,6)","  seOMEGA(9,7)","  seOMEGA(9,8)","    seBSV_BILI"," seOMEGA(10,3)"," seOMEGA(10,4)"," seOMEGA(10,5)"," seOMEGA(10,6)"," seOMEGA(10,7)"," seOMEGA(10,8)"," seOMEGA(10,9)","    seBSV_CRCL"," seOMEGA(11,3)"," seOMEGA(11,4)"," seOMEGA(11,5)"," seOMEGA(11,6)"," seOMEGA(11,7)"," seOMEGA(11,8)"," seOMEGA(11,9)","seOMEGA(11,10)","     seBSV_BMI"," seOMEGA(12,3)"," seOMEGA(12,4)"," seOMEGA(12,5)"," seOMEGA(12,6)"," seOMEGA(12,7)"," seOMEGA(12,8)"," seOMEGA(12,9)","seOMEGA(12,10)","seOMEGA(12,11)","      seBSV_HT"," seOMEGA(13,3)"," seOMEGA(13,4)"," seOMEGA(13,5)"," seOMEGA(13,6)"," seOMEGA(13,7)"," seOMEGA(13,8)"," seOMEGA(13,9)","seOMEGA(13,10)","seOMEGA(13,11)","seOMEGA(13,12)","     seBSV_ALT"," seOMEGA(14,3)"," seOMEGA(14,4)"," seOMEGA(14,5)"," seOMEGA(14,6)"," seOMEGA(14,7)"," seOMEGA(14,8)"," seOMEGA(14,9)","seOMEGA(14,10)","seOMEGA(14,11)","seOMEGA(14,12)","seOMEGA(14,13)","     seBSV_SEX"," seOMEGA(15,3)"," seOMEGA(15,4)"," seOMEGA(15,5)"," seOMEGA(15,6)"," seOMEGA(15,7)"," seOMEGA(15,8)"," seOMEGA(15,9)","seOMEGA(15,10)","seOMEGA(15,11)","seOMEGA(15,12)","seOMEGA(15,13)","seOMEGA(15,14)","  seBSV_RACEL2"," seOMEGA(16,3)"," seOMEGA(16,4)"," seOMEGA(16,5)"," seOMEGA(16,6)"," seOMEGA(16,7)"," seOMEGA(16,8)"," seOMEGA(16,9)","seOMEGA(16,10)","seOMEGA(16,11)","seOMEGA(16,12)","seOMEGA(16,13)","seOMEGA(16,14)","seOMEGA(16,15)","  seBSV_ETHNIC"," seOMEGA(17,3)"," seOMEGA(17,4)"," seOMEGA(17,5)"," seOMEGA(17,6)"," seOMEGA(17,7)"," seOMEGA(17,8)"," seOMEGA(17,9)","seOMEGA(17,10)","seOMEGA(17,11)","seOMEGA(17,12)","seOMEGA(17,13)","seOMEGA(17,14)","seOMEGA(17,15)","seOMEGA(17,16)","    seBSV_NCIL","      se1. RUV","      seEPSCOV","shrinkage_eta1(%)","shrinkage_eta2(%)","shrinkage_eta3(%)","shrinkage_eta4(%)","shrinkage_eta5(%)","shrinkage_eta6(%)","shrinkage_eta7(%)","shrinkage_eta8(%)","shrinkage_eta9(%)","shrinkage_eta10(%)","shrinkage_eta11(%)","shrinkage_eta12(%)","shrinkage_eta13(%)","shrinkage_eta14(%)","shrinkage_eta15(%)","shrinkage_eta16(%)","shrinkage_eta17(%)","shrinkage_iwres(%)","           EI1","           EI2","           EI3","           EI4","           EI5","           EI6","           EI7","           EI8","           EI9","          EI10","          EI11","          EI12","          EI13","          EI14","          EI15","          EI16","          EI17","          EI18","          EI19","          EI20","          EI21","          EI22","          EI23","          EI24","          EI25","          EI26","          EI27","          EI28","          EI29","          EI30","          EI31","          EI32","          EI33","          EI34","          EI35","          EI36","          EI37","          EI38","          EI39","          EI40","          EI41","          EI42","          EI43","          EI44","          EI45","          EI46","          EI47","          EI48","          EI49","          EI50","          EI51","          EI52","          EI53","          EI54","          EI55","          EI56","          EI57","          EI58","          EI59","          EI60","          EI61","          EI62","          EI63","          EI64","          EI65","          EI66","          EI67","          EI68","          EI69","          EI70","          EI71","          EI72","          EI73","          EI74","          EI75","          EI76","          EI77","          EI78","          EI79","          EI80","          EI81","          EI82","          EI83","          EI84","          EI85","          EI86","          EI87","          EI88","          EI89","          EI90","          EI91","          EI92","          EI93","          EI94","          EI95","          EI96","          EI97","          EI98","          EI99","         EI100","         EI101","         EI102","         EI103","         EI104","         EI105","         EI106","         EI107","         EI108","         EI109","         EI110","         EI111","         EI112","         EI113","         EI114","         EI115","         EI116","         EI117","         EI118","         EI119","         EI120","         EI121","         EI122","         EI123","         EI124","         EI125","         EI126","         EI127","         EI128","         EI129","         EI130","         EI131","         EI132","         EI133","         EI134","         EI135","         EI136","         EI137","         EI138","         EI139","         EI140","         EI141","         EI142","         EI143","         EI144","         EI145","         EI146","         EI147","         EI148",
"",      401.9374,             0,             0,             0,     0.2606704,       2.68155,     0.1268193,  0.0001092725,     0.2610599,    0.03833527,     0.0535298,    0.02714127,     0.0093723,     0.4243353,      0.463403,     0.3889414,     0.1810712,      1.010018,     0.2429192,     0.3912622,     0.5406095,    0.01801711,    0.01582063,    0.01951602,    0.01177704,   0.007759216,2.85424437267464e-19,    0.04491186,    0.03001444,    0.02650315,    0.01376019,    0.01062774,   0.006832478,    0.01460887,    0.01200908,   0.007334641,    0.01225931,     0.5079361,     0.3950726,     0.1776692,     0.2868296,      6.916468,     0.4107762,     0.3270744,     0.1546231,     0.2026351,      4.416186,      22.73265,     0.1675648,     0.1376946,    0.08075162,    0.07372669,      2.066237,      1.914586,      2.309012,     0.9489373,     0.7286456,     0.3369253,     0.5016981,      12.56454,      9.620998,      4.537106,      22.65923,     0.2575654,       0.19438,      0.101291,     0.1330214,      2.845357,      2.685162,      1.320705,      5.292124,      2.310232,     0.3437484,     0.2697452,     0.1684736,     0.1757518,      4.973685,      3.668896,      2.215592,      9.047326,        2.4052,      5.076987,     0.5328448,     0.4300853,     0.2296289,     0.2994528,      6.071109,      28.60694,      2.765184,      14.30306,      3.675309,       5.46295,      39.29974,    0.01516466,    0.01195171,   0.005503895,   0.009260012,     0.2338529,     0.2003502,    0.09719886,     0.4644751,     0.1224491,     0.1311787,     0.2711233,   0.002014034,     0.0146261,     0.0103228,   0.005659219,   0.008120046,     0.2132298,     0.1158739,    0.06688641,      0.397858,    0.09790319,     0.1469982,     0.1960674,   0.006940638,   0.009459137,    0.01821609,    0.01467543,   0.005944945,   0.009349813,     0.2303462,     0.2223688,    0.09629815,     0.4580768,     0.1179783,     0.1610175,     0.2913789,   0.009198988,   0.006363029,   0.002604917,    0.01189337,   0.009892376,   0.005321828,   0.007153772,     0.1545503,     0.2534119,     0.1198822,     0.3336676,    0.08845468,     0.1404566,     0.3944877,   0.006372962,   0.004829857,   0.006786487,   0.008278624,   0.001515972,1.72550115535576e-22,
medians
"","           ofv","     1. TVFREL","2. WT coef on TVCL","3. WT coef on TVV","       4. TVCL","        5. TVV","      6. TVMAT","        7 TVD1"," GENO2=1 on CL"," GENO3=1 on CL"," GENO4=1 on CL","       CLFOOD1","     FRELFORM1","    FRELGENO41","        TV_AGE","        TV_AST","       TV_BILI","       TV_CRCL","        TV_BMI","         TV_HT","        TV_ALT","        TV_SEX","     TV_RACEL2","     TV_ETHNIC","       TV_NCIL"," 1. IIV on RUV","         2. D1","2. IIV on FREL","    OMEGA(4,3)","  3. IIV on CL","    OMEGA(5,3)","    OMEGA(5,4)","   4. IIV on V","    OMEGA(6,3)","    OMEGA(6,4)","    OMEGA(6,5)"," 5. IIV on MAT","    OMEGA(7,3)","    OMEGA(7,4)","    OMEGA(7,5)","    OMEGA(7,6)","       BSV_AGE","    OMEGA(8,3)","    OMEGA(8,4)","    OMEGA(8,5)","    OMEGA(8,6)","    OMEGA(8,7)","       BSV_AST","    OMEGA(9,3)","    OMEGA(9,4)","    OMEGA(9,5)","    OMEGA(9,6)","    OMEGA(9,7)","    OMEGA(9,8)","      BSV_BILI","   OMEGA(10,3)","   OMEGA(10,4)","   OMEGA(10,5)","   OMEGA(10,6)","   OMEGA(10,7)","   OMEGA(10,8)","   OMEGA(10,9)","      BSV_CRCL","   OMEGA(11,3)","   OMEGA(11,4)","   OMEGA(11,5)","   OMEGA(11,6)","   OMEGA(11,7)","   OMEGA(11,8)","   OMEGA(11,9)","  OMEGA(11,10)","       BSV_BMI","   OMEGA(12,3)","   OMEGA(12,4)","   OMEGA(12,5)","   OMEGA(12,6)","   OMEGA(12,7)","   OMEGA(12,8)","   OMEGA(12,9)","  OMEGA(12,10)","  OMEGA(12,11)","        BSV_HT","   OMEGA(13,3)","   OMEGA(13,4)","   OMEGA(13,5)","   OMEGA(13,6)","   OMEGA(13,7)","   OMEGA(13,8)","   OMEGA(13,9)","  OMEGA(13,10)","  OMEGA(13,11)","  OMEGA(13,12)","       BSV_ALT","   OMEGA(14,3)","   OMEGA(14,4)","   OMEGA(14,5)","   OMEGA(14,6)","   OMEGA(14,7)","   OMEGA(14,8)","   OMEGA(14,9)","  OMEGA(14,10)","  OMEGA(14,11)","  OMEGA(14,12)","  OMEGA(14,13)","       BSV_SEX","   OMEGA(15,3)","   OMEGA(15,4)","   OMEGA(15,5)","   OMEGA(15,6)","   OMEGA(15,7)","   OMEGA(15,8)","   OMEGA(15,9)","  OMEGA(15,10)","  OMEGA(15,11)","  OMEGA(15,12)","  OMEGA(15,13)","  OMEGA(15,14)","    BSV_RACEL2","   OMEGA(16,3)","   OMEGA(16,4)","   OMEGA(16,5)","   OMEGA(16,6)","   OMEGA(16,7)","   OMEGA(16,8)","   OMEGA(16,9)","  OMEGA(16,10)","  OMEGA(16,11)","  OMEGA(16,12)","  OMEGA(16,13)","  OMEGA(16,14)","  OMEGA(16,15)","    BSV_ETHNIC","   OMEGA(17,3)","   OMEGA(17,4)","   OMEGA(17,5)","   OMEGA(17,6)","   OMEGA(17,7)","   OMEGA(17,8)","   OMEGA(17,9)","  OMEGA(17,10)","  OMEGA(17,11)","  OMEGA(17,12)","  OMEGA(17,13)","  OMEGA(17,14)","  OMEGA(17,15)","  OMEGA(17,16)","      BSV_NCIL","        1. RUV","        EPSCOV","   se1. TVFREL","se2. WT coef on TVCL","se3. WT coef on TVV","     se4. TVCL","      se5. TVV","    se6. TVMAT","      se7 TVD1","seGENO2=1 on CL","seGENO3=1 on CL","seGENO4=1 on CL","     seCLFOOD1","   seFRELFORM1","  seFRELGENO41","      seTV_AGE","      seTV_AST","     seTV_BILI","     seTV_CRCL","      seTV_BMI","       seTV_HT","      seTV_ALT","      seTV_SEX","   seTV_RACEL2","   seTV_ETHNIC","     seTV_NCIL","se1. IIV on RUV","       se2. D1","se2. IIV on FREL","  seOMEGA(4,3)","se3. IIV on CL","  seOMEGA(5,3)","  seOMEGA(5,4)"," se4. IIV on V","  seOMEGA(6,3)","  seOMEGA(6,4)","  seOMEGA(6,5)","se5. IIV on MAT","  seOMEGA(7,3)","  seOMEGA(7,4)","  seOMEGA(7,5)","  seOMEGA(7,6)","     seBSV_AGE","  seOMEGA(8,3)","  seOMEGA(8,4)","  seOMEGA(8,5)","  seOMEGA(8,6)","  seOMEGA(8,7)","     seBSV_AST","  seOMEGA(9,3)","  seOMEGA(9,4)","  seOMEGA(9,5)","  seOMEGA(9,6)","  seOMEGA(9,7)","  seOMEGA(9,8)","    seBSV_BILI"," seOMEGA(10,3)"," seOMEGA(10,4)"," seOMEGA(10,5)"," seOMEGA(10,6)"," seOMEGA(10,7)"," seOMEGA(10,8)"," seOMEGA(10,9)","    seBSV_CRCL"," seOMEGA(11,3)"," seOMEGA(11,4)"," seOMEGA(11,5)"," seOMEGA(11,6)"," seOMEGA(11,7)"," seOMEGA(11,8)"," seOMEGA(11,9)","seOMEGA(11,10)","     seBSV_BMI"," seOMEGA(12,3)"," seOMEGA(12,4)"," seOMEGA(12,5)"," seOMEGA(12,6)"," seOMEGA(12,7)"," seOMEGA(12,8)"," seOMEGA(12,9)","seOMEGA(12,10)","seOMEGA(12,11)","      seBSV_HT"," seOMEGA(13,3)"," seOMEGA(13,4)"," seOMEGA(13,5)"," seOMEGA(13,6)"," seOMEGA(13,7)"," seOMEGA(13,8)"," seOMEGA(13,9)","seOMEGA(13,10)","seOMEGA(13,11)","seOMEGA(13,12)","     seBSV_ALT"," seOMEGA(14,3)"," seOMEGA(14,4)"," seOMEGA(14,5)"," seOMEGA(14,6)"," seOMEGA(14,7)"," seOMEGA(14,8)"," seOMEGA(14,9)","seOMEGA(14,10)","seOMEGA(14,11)","seOMEGA(14,12)","seOMEGA(14,13)","     seBSV_SEX"," seOMEGA(15,3)"," seOMEGA(15,4)"," seOMEGA(15,5)"," seOMEGA(15,6)"," seOMEGA(15,7)"," seOMEGA(15,8)"," seOMEGA(15,9)","seOMEGA(15,10)","seOMEGA(15,11)","seOMEGA(15,12)","seOMEGA(15,13)","seOMEGA(15,14)","  seBSV_RACEL2"," seOMEGA(16,3)"," seOMEGA(16,4)"," seOMEGA(16,5)"," seOMEGA(16,6)"," seOMEGA(16,7)"," seOMEGA(16,8)"," seOMEGA(16,9)","seOMEGA(16,10)","seOMEGA(16,11)","seOMEGA(16,12)","seOMEGA(16,13)","seOMEGA(16,14)","seOMEGA(16,15)","  seBSV_ETHNIC"," seOMEGA(17,3)"," seOMEGA(17,4)"," seOMEGA(17,5)"," seOMEGA(17,6)"," seOMEGA(17,7)"," seOMEGA(17,8)"," seOMEGA(17,9)","seOMEGA(17,10)","seOMEGA(17,11)","seOMEGA(17,12)","seOMEGA(17,13)","seOMEGA(17,14)","seOMEGA(17,15)","seOMEGA(17,16)","    seBSV_NCIL","      se1. RUV","      seEPSCOV","shrinkage_eta1(%)","shrinkage_eta2(%)","shrinkage_eta3(%)","shrinkage_eta4(%)","shrinkage_eta5(%)","shrinkage_eta6(%)","shrinkage_eta7(%)","shrinkage_eta8(%)","shrinkage_eta9(%)","shrinkage_eta10(%)","shrinkage_eta11(%)","shrinkage_eta12(%)","shrinkage_eta13(%)","shrinkage_eta14(%)","shrinkage_eta15(%)","shrinkage_eta16(%)","shrinkage_eta17(%)","shrinkage_iwres(%)","           EI1","           EI2","           EI3","           EI4","           EI5","           EI6","           EI7","           EI8","           EI9","          EI10","          EI11","          EI12","          EI13","          EI14","          EI15","          EI16","          EI17","          EI18","          EI19","          EI20","          EI21","          EI22","          EI23","          EI24","          EI25","          EI26","          EI27","          EI28","          EI29","          EI30","          EI31","          EI32","          EI33","          EI34","          EI35","          EI36","          EI37","          EI38","          EI39","          EI40","          EI41","          EI42","          EI43","          EI44","          EI45","          EI46","          EI47","          EI48","          EI49","          EI50","          EI51","          EI52","          EI53","          EI54","          EI55","          EI56","          EI57","          EI58","          EI59","          EI60","          EI61","          EI62","          EI63","          EI64","          EI65","          EI66","          EI67","          EI68","          EI69","          EI70","          EI71","          EI72","          EI73","          EI74","          EI75","          EI76","          EI77","          EI78","          EI79","          EI80","          EI81","          EI82","          EI83","          EI84","          EI85","          EI86","          EI87","          EI88","          EI89","          EI90","          EI91","          EI92","          EI93","          EI94","          EI95","          EI96","          EI97","          EI98","          EI99","         EI100","         EI101","         EI102","         EI103","         EI104","         EI105","         EI106","         EI107","         EI108","         EI109","         EI110","         EI111","         EI112","         EI113","         EI114","         EI115","         EI116","         EI117","         EI118","         EI119","         EI120","         EI121","         EI122","         EI123","         EI124","         EI125","         EI126","         EI127","         EI128","         EI129","         EI130","         EI131","         EI132","         EI133","         EI134","         EI135","         EI136","         EI137","         EI138","         EI139","         EI140","         EI141","         EI142","         EI143","         EI144","         EI145","         EI146","         EI147","         EI148",
"",      16414.78,             1,          0.75,             1,      12.78895,      205.6395,       6.51495,       0.61685,      1.253635,     -0.325733,    -0.5411395,     0.2402825,     -0.142987,      2.555935,       44.1994,      25.07625,      9.855625,       118.901,       30.2942,      169.2835,      27.18775,       1.44758,      0.201068,      0.432027,     0.1489155,     0.0814678,        0.0001,     0.5438765,     0.2758755,      0.309902,     0.1438845,     0.1181695,     0.1352725,    -0.0243803,    0.00331747,     0.0260753,      0.145173,     0.7067725,      0.310718,      0.471697,   -0.06058025,      170.5335,      0.489543,      0.111645,     0.2529765,      0.268676,      16.56015,       113.506,    0.07300385,    -0.1923635,    -0.0355279,    -0.1853225,     -7.982375,     -3.159885,       26.3737,      3.510895,      2.981435,       3.90208,      0.953463,     -120.2515,     -11.59275,      -8.56883,      590.9395,         0.917,      0.651399,     0.9873235,       0.16661,      21.36985,       4.89805,     -5.919475,      79.62625,      39.88435,      3.550345,      2.888025,      3.262145,    -0.0503846,      -1.14558,       2.51489,      4.677855,       52.5625,    -0.5871675,       103.574,      1.143755,     0.4551715,     0.7654635,     0.6148785,       14.0555,       130.915,     0.3346755,      23.74535,      12.31835,       9.62048,       230.676,     -0.162857,    -0.1252685,    -0.1157865,   -0.00397891,    -0.2410635,    -0.6713705,     -0.378043,    -0.1016785,     -0.138304,      -3.29561,     -1.299105,     0.2475595,   0.006812305,    0.01005078,      0.016598,  -0.003847605,      -1.11878,     -0.132987,     0.1002665,     0.2174205,   -0.01201855,     0.5435625,     -0.747815,    0.00145963,      0.160893,   -0.04615145,    -0.0393278,   -0.05235465,     0.0127266,    -0.9985525,     -0.170775,   0.005911015,     -0.118386,     -0.439744,     -1.284925,      0.712167,   0.002860975,   -0.07736085,     0.2457465,    0.02650285,  -0.004057945,    0.00776874,   0.001388515,    -0.0846342,      1.078305,      1.116385,     0.1394005,    0.00943485,     0.2061165,      2.346735,   -0.02074675,  -0.002897725,    0.00623876,      0.126877,     0.0426007,         1e-07,
percentile.confidence.intervals
"","           ofv","     1. TVFREL","2. WT coef on TVCL","3. WT coef on TVV","       4. TVCL","        5. TVV","      6. TVMAT","        7 TVD1"," GENO2=1 on CL"," GENO3=1 on CL"," GENO4=1 on CL","       CLFOOD1","     FRELFORM1","    FRELGENO41","        TV_AGE","        TV_AST","       TV_BILI","       TV_CRCL","        TV_BMI","         TV_HT","        TV_ALT","        TV_SEX","     TV_RACEL2","     TV_ETHNIC","       TV_NCIL"," 1. IIV on RUV","         2. D1","2. IIV on FREL","    OMEGA(4,3)","  3. IIV on CL","    OMEGA(5,3)","    OMEGA(5,4)","   4. IIV on V","    OMEGA(6,3)","    OMEGA(6,4)","    OMEGA(6,5)"," 5. IIV on MAT","    OMEGA(7,3)","    OMEGA(7,4)","    OMEGA(7,5)","    OMEGA(7,6)","       BSV_AGE","    OMEGA(8,3)","    OMEGA(8,4)","    OMEGA(8,5)","    OMEGA(8,6)","    OMEGA(8,7)","       BSV_AST","    OMEGA(9,3)","    OMEGA(9,4)","    OMEGA(9,5)","    OMEGA(9,6)","    OMEGA(9,7)","    OMEGA(9,8)","      BSV_BILI","   OMEGA(10,3)","   OMEGA(10,4)","   OMEGA(10,5)","   OMEGA(10,6)","   OMEGA(10,7)","   OMEGA(10,8)","   OMEGA(10,9)","      BSV_CRCL","   OMEGA(11,3)","   OMEGA(11,4)","   OMEGA(11,5)","   OMEGA(11,6)","   OMEGA(11,7)","   OMEGA(11,8)","   OMEGA(11,9)","  OMEGA(11,10)","       BSV_BMI","   OMEGA(12,3)","   OMEGA(12,4)","   OMEGA(12,5)","   OMEGA(12,6)","   OMEGA(12,7)","   OMEGA(12,8)","   OMEGA(12,9)","  OMEGA(12,10)","  OMEGA(12,11)","        BSV_HT","   OMEGA(13,3)","   OMEGA(13,4)","   OMEGA(13,5)","   OMEGA(13,6)","   OMEGA(13,7)","   OMEGA(13,8)","   OMEGA(13,9)","  OMEGA(13,10)","  OMEGA(13,11)","  OMEGA(13,12)","       BSV_ALT","   OMEGA(14,3)","   OMEGA(14,4)","   OMEGA(14,5)","   OMEGA(14,6)","   OMEGA(14,7)","   OMEGA(14,8)","   OMEGA(14,9)","  OMEGA(14,10)","  OMEGA(14,11)","  OMEGA(14,12)","  OMEGA(14,13)","       BSV_SEX","   OMEGA(15,3)","   OMEGA(15,4)","   OMEGA(15,5)","   OMEGA(15,6)","   OMEGA(15,7)","   OMEGA(15,8)","   OMEGA(15,9)","  OMEGA(15,10)","  OMEGA(15,11)","  OMEGA(15,12)","  OMEGA(15,13)","  OMEGA(15,14)","    BSV_RACEL2","   OMEGA(16,3)","   OMEGA(16,4)","   OMEGA(16,5)","   OMEGA(16,6)","   OMEGA(16,7)","   OMEGA(16,8)","   OMEGA(16,9)","  OMEGA(16,10)","  OMEGA(16,11)","  OMEGA(16,12)","  OMEGA(16,13)","  OMEGA(16,14)","  OMEGA(16,15)","    BSV_ETHNIC","   OMEGA(17,3)","   OMEGA(17,4)","   OMEGA(17,5)","   OMEGA(17,6)","   OMEGA(17,7)","   OMEGA(17,8)","   OMEGA(17,9)","  OMEGA(17,10)","  OMEGA(17,11)","  OMEGA(17,12)","  OMEGA(17,13)","  OMEGA(17,14)","  OMEGA(17,15)","  OMEGA(17,16)","      BSV_NCIL","        1. RUV","        EPSCOV","   se1. TVFREL","se2. WT coef on TVCL","se3. WT coef on TVV","     se4. TVCL","      se5. TVV","    se6. TVMAT","      se7 TVD1","seGENO2=1 on CL","seGENO3=1 on CL","seGENO4=1 on CL","     seCLFOOD1","   seFRELFORM1","  seFRELGENO41","      seTV_AGE","      seTV_AST","     seTV_BILI","     seTV_CRCL","      seTV_BMI","       seTV_HT","      seTV_ALT","      seTV_SEX","   seTV_RACEL2","   seTV_ETHNIC","     seTV_NCIL","se1. IIV on RUV","       se2. D1","se2. IIV on FREL","  seOMEGA(4,3)","se3. IIV on CL","  seOMEGA(5,3)","  seOMEGA(5,4)"," se4. IIV on V","  seOMEGA(6,3)","  seOMEGA(6,4)","  seOMEGA(6,5)","se5. IIV on MAT","  seOMEGA(7,3)","  seOMEGA(7,4)","  seOMEGA(7,5)","  seOMEGA(7,6)","     seBSV_AGE","  seOMEGA(8,3)","  seOMEGA(8,4)","  seOMEGA(8,5)","  seOMEGA(8,6)","  seOMEGA(8,7)","     seBSV_AST","  seOMEGA(9,3)","  seOMEGA(9,4)","  seOMEGA(9,5)","  seOMEGA(9,6)","  seOMEGA(9,7)","  seOMEGA(9,8)","    seBSV_BILI"," seOMEGA(10,3)"," seOMEGA(10,4)"," seOMEGA(10,5)"," seOMEGA(10,6)"," seOMEGA(10,7)"," seOMEGA(10,8)"," seOMEGA(10,9)","    seBSV_CRCL"," seOMEGA(11,3)"," seOMEGA(11,4)"," seOMEGA(11,5)"," seOMEGA(11,6)"," seOMEGA(11,7)"," seOMEGA(11,8)"," seOMEGA(11,9)","seOMEGA(11,10)","     seBSV_BMI"," seOMEGA(12,3)"," seOMEGA(12,4)"," seOMEGA(12,5)"," seOMEGA(12,6)"," seOMEGA(12,7)"," seOMEGA(12,8)"," seOMEGA(12,9)","seOMEGA(12,10)","seOMEGA(12,11)","      seBSV_HT"," seOMEGA(13,3)"," seOMEGA(13,4)"," seOMEGA(13,5)"," seOMEGA(13,6)"," seOMEGA(13,7)"," seOMEGA(13,8)"," seOMEGA(13,9)","seOMEGA(13,10)","seOMEGA(13,11)","seOMEGA(13,12)","     seBSV_ALT"," seOMEGA(14,3)"," seOMEGA(14,4)"," seOMEGA(14,5)"," seOMEGA(14,6)"," seOMEGA(14,7)"," seOMEGA(14,8)"," seOMEGA(14,9)","seOMEGA(14,10)","seOMEGA(14,11)","seOMEGA(14,12)","seOMEGA(14,13)","     seBSV_SEX"," seOMEGA(15,3)"," seOMEGA(15,4)"," seOMEGA(15,5)"," seOMEGA(15,6)"," seOMEGA(15,7)"," seOMEGA(15,8)"," seOMEGA(15,9)","seOMEGA(15,10)","seOMEGA(15,11)","seOMEGA(15,12)","seOMEGA(15,13)","seOMEGA(15,14)","  seBSV_RACEL2"," seOMEGA(16,3)"," seOMEGA(16,4)"," seOMEGA(16,5)"," seOMEGA(16,6)"," seOMEGA(16,7)"," seOMEGA(16,8)"," seOMEGA(16,9)","seOMEGA(16,10)","seOMEGA(16,11)","seOMEGA(16,12)","seOMEGA(16,13)","seOMEGA(16,14)","seOMEGA(16,15)","  seBSV_ETHNIC"," seOMEGA(17,3)"," seOMEGA(17,4)"," seOMEGA(17,5)"," seOMEGA(17,6)"," seOMEGA(17,7)"," seOMEGA(17,8)"," seOMEGA(17,9)","seOMEGA(17,10)","seOMEGA(17,11)","seOMEGA(17,12)","seOMEGA(17,13)","seOMEGA(17,14)","seOMEGA(17,15)","seOMEGA(17,16)","    seBSV_NCIL","      se1. RUV","      seEPSCOV","shrinkage_eta1(%)","shrinkage_eta2(%)","shrinkage_eta3(%)","shrinkage_eta4(%)","shrinkage_eta5(%)","shrinkage_eta6(%)","shrinkage_eta7(%)","shrinkage_eta8(%)","shrinkage_eta9(%)","shrinkage_eta10(%)","shrinkage_eta11(%)","shrinkage_eta12(%)","shrinkage_eta13(%)","shrinkage_eta14(%)","shrinkage_eta15(%)","shrinkage_eta16(%)","shrinkage_eta17(%)","shrinkage_iwres(%)","           EI1","           EI2","           EI3","           EI4","           EI5","           EI6","           EI7","           EI8","           EI9","          EI10","          EI11","          EI12","          EI13","          EI14","          EI15","          EI16","          EI17","          EI18","          EI19","          EI20","          EI21","          EI22","          EI23","          EI24","          EI25","          EI26","          EI27","          EI28","          EI29","          EI30","          EI31","          EI32","          EI33","          EI34","          EI35","          EI36","          EI37","          EI38","          EI39","          EI40","          EI41","          EI42","          EI43","          EI44","          EI45","          EI46","          EI47","          EI48","          EI49","          EI50","          EI51","          EI52","          EI53","          EI54","          EI55","          EI56","          EI57","          EI58","          EI59","          EI60","          EI61","          EI62","          EI63","          EI64","          EI65","          EI66","          EI67","          EI68","          EI69","          EI70","          EI71","          EI72","          EI73","          EI74","          EI75","          EI76","          EI77","          EI78","          EI79","          EI80","          EI81","          EI82","          EI83","          EI84","          EI85","          EI86","          EI87","          EI88","          EI89","          EI90","          EI91","          EI92","          EI93","          EI94","          EI95","          EI96","          EI97","          EI98","          EI99","         EI100","         EI101","         EI102","         EI103","         EI104","         EI105","         EI106","         EI107","         EI108","         EI109","         EI110","         EI111","         EI112","         EI113","         EI114","         EI115","         EI116","         EI117","         EI118","         EI119","         EI120","         EI121","         EI122","         EI123","         EI124","         EI125","         EI126","         EI127","         EI128","         EI129","         EI130","         EI131","         EI132","         EI133","         EI134","         EI135","         EI136","         EI137","         EI138","         EI139","         EI140","         EI141","         EI142","         EI143","         EI144","         EI145","         EI146","         EI147","         EI148",
"         0.05%",              NA,              NA,              NA,              NA,              NA,              NA,              NA,              NA,              NA,              NA,              NA,              NA,              NA,              NA,              NA,              NA,              NA,              NA,              NA,              NA,              NA,              NA,              NA,              NA,              NA,              NA,              NA,              NA,              NA,              NA,              NA,              NA,              NA,              NA,              NA,              NA,              NA,              NA,              NA,              NA,              NA,              NA,              NA,              NA,              NA,              NA,              NA,              NA,              NA,              NA,              NA,              NA,              NA,              NA,              NA,              NA,              NA,              NA,              NA,              NA,              NA,              NA,              NA,              NA,              NA,              NA,              NA,              NA,              NA,              NA,              NA,              NA,              NA,              NA,              NA,              NA,              NA,              NA,              NA,              NA,              NA,              NA,              NA,              NA,              NA,              NA,              NA,              NA,              NA,              NA,              NA,              NA,              NA,              NA,              NA,              NA,              NA,              NA,              NA,              NA,              NA,              NA,              NA,              NA,              NA,              NA,              NA,              NA,              NA,              NA,              NA,              NA,              NA,              NA,              NA,              NA,              NA,              NA,              NA,              NA,              NA,              NA,              NA,              NA,              NA,              NA,              NA,              NA,              NA,              NA,              NA,              NA,              NA,              NA,              NA,              NA,              NA,              NA,              NA,              NA,              NA,              NA,              NA,              NA,              NA,              NA,              NA,              NA,              NA,
"          0.5%",              NA,              NA,              NA,              NA,              NA,              NA,              NA,              NA,              NA,              NA,              NA,              NA,              NA,              NA,              NA,              NA,              NA,              NA,              NA,              NA,              NA,              NA,              NA,              NA,              NA,              NA,              NA,              NA,              NA,              NA,              NA,              NA,              NA,              NA,              NA,              NA,              NA,              NA,              NA,              NA,              NA,              NA,              NA,              NA,              NA,              NA,              NA,              NA,              NA,              NA,              NA,              NA,              NA,              NA,              NA,              NA,              NA,              NA,              NA,              NA,              NA,              NA,              NA,              NA,              NA,              NA,              NA,              NA,              NA,              NA,              NA,              NA,              NA,              NA,              NA,              NA,              NA,              NA,              NA,              NA,              NA,              NA,              NA,              NA,              NA,              NA,              NA,              NA,              NA,              NA,              NA,              NA,              NA,              NA,              NA,              NA,              NA,              NA,              NA,              NA,              NA,              NA,              NA,              NA,              NA,              NA,              NA,              NA,              NA,              NA,              NA,              NA,              NA,              NA,              NA,              NA,              NA,              NA,              NA,              NA,              NA,              NA,              NA,              NA,              NA,              NA,              NA,              NA,              NA,              NA,              NA,              NA,              NA,              NA,              NA,              NA,              NA,              NA,              NA,              NA,              NA,              NA,              NA,              NA,              NA,              NA,              NA,              NA,              NA,
"          2.5%",      15687.64,             1,          0.75,             1,       12.2912,      200.8409,      6.269881,     0.6165779,     0.7977764,    -0.4024615,    -0.6452505,     0.1973154,   -0.16075025,      1.649751,      43.25379,       24.3285,      9.580668,      116.7014,      29.80222,      168.4915,      26.13397,      1.413639,     0.1669176,     0.3959513,     0.1266478,    0.06721594,        0.0001,     0.4568691,      0.213144,     0.2589996,     0.1175619,     0.1004645,     0.1229821, -0.0564619375,    -0.0201414,    0.01117644,     0.1234813,   -0.52678175,   -0.38988125,     0.1354391,  -0.652615375,      156.5037,  -0.342741875,   -0.40810775, -0.0220415125,     -0.089642,       6.68278,       80.3618,  -0.259722875,    -0.4779765,  -0.209337125,  -0.328349875,   -12.7772625,   -6.80425625,      21.85328,      1.748236,      1.664565,      3.217011, -0.0914248875,   -146.769125,   -27.2024125,   -17.9083125,      541.3104,     0.3611829,     0.2707565,     0.8203957, -0.0976840875,      15.43016,  -0.105318975,   -8.81327375,      68.15321,      34.59474,      2.798362,      2.421665,      2.949253,  -0.437874625,   -11.6463625,   -4.19094375,  -0.186494875,      36.79136,    -5.3136425,      93.03178,     0.1517132,  -0.346367375,     0.3770545,    0.03767661,      1.673069,      84.10745,     -4.658845,   -3.61538375,      5.988749,     0.6639204,      162.2079,   -0.18719775,  -0.145313375,  -0.126482125, -0.0282969875,   -0.70055225,   -1.06548625,    -0.5675665,    -1.0842975,  -0.361782875,    -3.5876875,   -1.83837875,     0.2425794,  -0.027215525, -0.0125249125,   0.005096283,  -0.018448275,   -1.61222375,   -0.31406925, -0.0264976625,   -0.51513475,  -0.216850625,      0.298337,   -1.12460875, -0.0120003125,     0.1391105,  -0.082272275, -0.0641759875,    -0.0666412, -0.0047251175,   -1.40475125,  -0.637749375,  -0.202255125,      -1.20329,  -0.702697125,   -1.63810375,    0.07340758,   -0.01514185,  -0.090893875,     0.2395087,   0.007418322, -0.0213784875,-0.00376169375, -0.0110804125,   -0.34690925,     0.6566151,     0.8881519,     -0.554375,  -0.160649125,  -0.103149825,       1.58564, -0.0343567875, -0.0133156375,-0.00796412125,     0.1100996,     0.0392055,         1e-07,
"            5%",       15760.9,             1,          0.75,             1,      12.32785,      201.3245,      6.317658,     0.6166552,      0.855411,    -0.3927935,   -0.62837875,     0.2053305,    -0.1596605,      1.763575,      43.37533,      24.43433,      9.609265,      117.2773,       29.8439,      168.6637,      26.28768,      1.417298,     0.1768143,      0.401307,     0.1281405,    0.06956045,        0.0001,     0.4671427,     0.2281765,     0.2692263,      0.121943,     0.1017115,     0.1241015,   -0.04956275,   -0.01777505,     0.0132671,      0.125452,    -0.3015005,   -0.30539325,     0.2029075,   -0.55492425,      158.1413,   -0.17113725,    -0.3327025,    0.02596448,  -0.052226225,      8.499427,       83.7581,    -0.1880655,     -0.397558,     -0.165571,    -0.3084025,    -11.861725,    -6.4227375,       22.8686,       1.88304,      1.821773,      3.367552,     0.1310625,     -140.8515,    -25.735125,      -17.1655,      549.1265,     0.4447855,     0.3035018,     0.8442215,    -0.0609535,      16.54932,     0.2360348,      -8.26395,      69.40533,      36.15505,      2.917123,      2.449447,       2.98328,   -0.35450275,    -9.7760175,      -3.54642,       1.32894,      38.83443,      -4.48824,      94.83337,     0.2804052,   -0.19336725,      0.458845,     0.1062923,      2.523485,      90.92333,     -3.887015,     0.2144415,      6.936472,      1.748712,       176.146,   -0.18259175,   -0.14284525,    -0.1253295,  -0.022787925,     -0.643926,      -1.03237,    -0.5300365,   -0.97065975,   -0.33780525,     -3.517775,     -1.762985,     0.2434535,    -0.0195308, -0.0091662975,   0.006511335,    -0.0159188,      -1.52485,   -0.29359675,    -0.0185618,   -0.34523625,    -0.1809005,     0.3420233,     -1.090685,  -0.009774345,       0.14564,  -0.076760775,    -0.0623211,    -0.0617027,  -5.84291e-05,    -1.3357625,    -0.5211575,   -0.17590575,    -0.8180115,   -0.67511975,    -1.5448075,     0.2069273,    -0.0116263,  -0.088621875,     0.2405135,   0.009741575,   -0.01826825,-0.00022452225,   -0.01041795,    -0.3090465,     0.6709125,     0.9289305,     -0.442605,   -0.12769875, -0.0065277175,      1.754705,   -0.03032535,  -0.011152475, -0.0038435225,     0.1117828,    0.04000977,         1e-07,
"           95%",      17061.26,             1,          0.75,             1,       13.2116,      210.4483,       6.72794,     0.6170105,       1.75533,    -0.2593975,   -0.44751575,     0.2914998,    -0.1259365,       2.99997,        44.973,      25.82812,      10.22695,      120.4358,      30.70727,      169.9395,      28.26138,      1.475388,     0.2285973,      0.466519,      0.168364,     0.0934597,        0.0001,     0.6186372,     0.3231865,      0.353593,     0.1665477,     0.1373373,     0.1489167,  0.0004366233,    0.02476255,    0.03834075,     0.1680072,      1.483707,      1.068533,     0.7589913,      0.387259,      182.6795,      1.158913,     0.7403692,     0.5758328,     0.6951038,      23.52623,       161.549,     0.3504717,    0.05205853,    0.08311777,  -0.057793075,      -5.11079,     -0.106222,      30.13608,      5.150477,       4.15347,      4.496333,       1.81466,      -98.7584,      6.997287,     -1.239045,      628.0822,       1.30553,     0.9624475,      1.176473,     0.4147545,      25.95032,      9.345047,     -3.677415,       88.2332,      43.63435,      4.157147,       3.34081,      3.574727,      0.236074,      6.279547,      9.609068,       8.33316,      70.00445,      3.667545,      111.4982,      1.919672,      1.243928,      1.216435,      1.071887,      23.58987,      187.3855,      5.918658,      48.58447,      18.75575,       19.5706,      306.9993,   -0.13576975,     -0.102106,     -0.107643,    0.00862034,     0.1442647,   -0.34466825,   -0.20421075,     0.5942203,    0.07784737,    -3.0859975,   -0.88522275,     0.2498723,    0.02911423,    0.02496165,    0.02469688,   0.009902167,   -0.77855725,    0.08381152,     0.2027127,     0.9282542,      0.151331,     0.8087077,   -0.46319125,    0.01342175,     0.1765087,    -0.0139339,   -0.01302595,   -0.04216835,    0.02933537,    -0.5537765,     0.2145632,     0.1406995,     0.7277395,     -0.269516,     -0.991768,       1.25962,    0.01799115,    -0.0661909,     0.2492193,    0.04810568,    0.01389947,    0.01698157,    0.01358342,     0.2043997,       1.59837,      1.331275,     0.6637723,     0.1715528,     0.4309628,      3.110123,   -0.00915333,   0.005246683,     0.0172331,      0.140284,     0.0455437,         1e-07,
"         97.5%",      17287.59,             1,          0.75,             1,      13.27846,      211.4175,      6.772366,     0.6170492,      1.820819,  -0.255190125,     -0.422466,     0.3045279,    -0.1233325,       2.99997,      45.12766,      25.92035,      10.25055,      120.8795,      30.78086,      170.0334,      28.45854,      1.479641,     0.2315226,     0.4729058,     0.1713247,    0.09542341,        0.0001,     0.6337816,     0.3353834,     0.3673755,     0.1712706,     0.1388288,     0.1503049,    0.00330018,    0.02924955,    0.04307974,      0.170855,       1.69372,      1.168704,      0.815301,     0.5387615,      186.0231,      1.230983,     0.8101701,     0.6104588,     0.7533529,       24.4894,      167.8282,     0.4160076,    0.08620851,       0.11245, -0.0386933375,    -4.0375225,     0.3537615,       31.2564,      5.529795,      4.447843,      4.629304,      1.943275,   -96.4187625,      11.35409,     0.3195083,      631.4835,      1.376989,      1.040582,      1.191423,     0.4465459,       26.9308,      10.17515,    -3.4026075,      89.59745,      44.42881,      4.230626,      3.388667,      3.620773,      0.332276,      8.703687,      10.66704,      8.582665,       70.8338,      4.430568,       114.464,      2.081566,      1.437965,      1.293934,      1.228816,      27.00765,      206.4523,      6.196702,      53.64694,      19.84641,      21.40142,      330.6229,  -0.127991375,  -0.100559625,     -0.106607,     0.0113041,     0.2215955,  -0.283778375,      -0.17074,     0.9354496,     0.1357655,   -3.04630125,  -0.795441375,     0.2500465,    0.03469444,    0.03001352,    0.02936073,    0.01203516,  -0.698309625,     0.1231262,     0.2182465,      1.000024,     0.1749533,     0.8384417,   -0.35135525,    0.01494259,      0.178264,    -0.0099003, -0.0074258825, -0.0417479375,    0.03220969,  -0.495466875,     0.2886712,     0.1759428,     0.9520618,    -0.2293245,  -0.926845125,      1.301913,    0.02219225,   -0.06517345,     0.2495951,    0.05400819,    0.01664435,    0.01804164,    0.01494563,     0.2461081,      1.675151,      1.349784,     0.8352396,     0.2165451,     0.4800965,      3.281904, -0.0083508125,   0.007236843,    0.02147135,     0.1418536,    0.04571402,         1e-07,
"         99.5%",              NA,              NA,              NA,              NA,              NA,              NA,              NA,              NA,              NA,              NA,              NA,              NA,              NA,              NA,              NA,              NA,              NA,              NA,              NA,              NA,              NA,              NA,              NA,              NA,              NA,              NA,              NA,              NA,              NA,              NA,              NA,              NA,              NA,              NA,              NA,              NA,              NA,              NA,              NA,              NA,              NA,              NA,              NA,              NA,              NA,              NA,              NA,              NA,              NA,              NA,              NA,              NA,              NA,              NA,              NA,              NA,              NA,              NA,              NA,              NA,              NA,              NA,              NA,              NA,              NA,              NA,              NA,              NA,              NA,              NA,              NA,              NA,              NA,              NA,              NA,              NA,              NA,              NA,              NA,              NA,              NA,              NA,              NA,              NA,              NA,              NA,              NA,              NA,              NA,              NA,              NA,              NA,              NA,              NA,              NA,              NA,              NA,              NA,              NA,              NA,              NA,              NA,              NA,              NA,              NA,              NA,              NA,              NA,              NA,              NA,              NA,              NA,              NA,              NA,              NA,              NA,              NA,              NA,              NA,              NA,              NA,              NA,              NA,              NA,              NA,              NA,              NA,              NA,              NA,              NA,              NA,              NA,              NA,              NA,              NA,              NA,              NA,              NA,              NA,              NA,              NA,              NA,              NA,              NA,              NA,              NA,              NA,              NA,              NA,
"        99.95%",              NA,              NA,              NA,              NA,              NA,              NA,              NA,              NA,              NA,              NA,              NA,              NA,              NA,              NA,              NA,              NA,              NA,              NA,              NA,              NA,              NA,              NA,              NA,              NA,              NA,              NA,              NA,              NA,              NA,              NA,              NA,              NA,              NA,              NA,              NA,              NA,              NA,              NA,              NA,              NA,              NA,              NA,              NA,              NA,              NA,              NA,              NA,              NA,              NA,              NA,              NA,              NA,              NA,              NA,              NA,              NA,              NA,              NA,              NA,              NA,              NA,              NA,              NA,              NA,              NA,              NA,              NA,              NA,              NA,              NA,              NA,              NA,              NA,              NA,              NA,              NA,              NA,              NA,              NA,              NA,              NA,              NA,              NA,              NA,              NA,              NA,              NA,              NA,              NA,              NA,              NA,              NA,              NA,              NA,              NA,              NA,              NA,              NA,              NA,              NA,              NA,              NA,              NA,              NA,              NA,              NA,              NA,              NA,              NA,              NA,              NA,              NA,              NA,              NA,              NA,              NA,              NA,              NA,              NA,              NA,              NA,              NA,              NA,              NA,              NA,              NA,              NA,              NA,              NA,              NA,              NA,              NA,              NA,              NA,              NA,              NA,              NA,              NA,              NA,              NA,              NA,              NA,              NA,              NA,              NA,              NA,              NA,              NA,              NA,
